NAME,LEAGUE,APPS,MINS,ATT_GOALS,ATT_XG,ATT_GOALS VS XG,ATT_SHOTS,ATT_SOT,ATT_CONV %,ATT_XG PER SHOT,CAR_TOTAL (ALL CARRIES),CAR_DISTANCE (M) (ALL CARRIES),CAR_AVG (M) (ALL CARRIES),CAR_TOTAL (PROGRESSIVE),CAR_DISTANCE (M) (PROGRESSIVE),CAR_AVG (M) (PROGRESSIVE),CAR_ENDED WITH SHOT,CAR_ENDED WITH GOAL,CAR_ENDED WITH CHANCE,CAR_ENDED WITH ASSIST,DEF_TACKLES,DEF_INTS,DEF_POS WON,DEF_BLOCKS,DEF_CLEARANCES,DEF_TOTAL (GROUND DUELS),DEF_WON (GROUND DUELS),DEF_% (GROUND DUELS),DEF_TOTAL (AERIAL DUELS),DEF_WON (AERIAL DUELS),DEF_% (AERIAL DUELS),PAS_TOTAL (OPEN PLAY PASSES),PAS_SUCCESSFUL (OPEN PLAY PASSES),PAS_% (OPEN PLAY PASSES),PAS_TOTAL (FINAL THIRD PASSES),PAS_SUCCESSFUL (FINAL THIRD PASSES),PAS_% (FINAL THIRD PASSES),PAS_TOTAL (CROSSES),PAS_SUCCESSFUL (CROSSES),PAS_% (CROSSES),PAS_THROUGH BALLS,Age,Market Value (m/€),POSITION,CONTRACT_YEARS_LEFT
Erling Haaland,Premier League,35,2958,0.82,0.77,0.05,3.83,1.8,21.43,0.2,3.83,45.1,11.8,2.31,25.5,0.3,0.76,0.18,0.18,0.0,0.46,0.15,1.25,0.03,1.28,3.74,1.73,46.3,3.59,2.22,61.9,11.68,7.67,65.6,5.66,3.26,57.5,0.09,0.03,33.3,0.18,26,220.0,ST,8.0
Lamine Yamal,La Liga,28,2268,0.63,0.51,0.13,4.64,1.47,13.68,0.11,26.63,297.4,11.2,15.12,162.1,0.4,1.98,0.28,1.43,0.2,1.39,0.4,3.93,0.0,0.12,16.23,8.73,53.8,0.2,0.0,0.0,53.53,43.41,81.1,30.12,22.58,75.0,2.54,0.71,28.1,0.87,19,220.0,W,5.0
Kylian Mbappé,La Liga,31,2604,0.86,0.83,0.04,5.05,2.18,17.12,0.16,14.21,181.1,12.7,7.67,104.8,0.5,1.31,0.17,0.69,0.03,0.14,0.07,1.52,0.0,0.0,8.54,4.08,47.8,0.35,0.24,70.0,34.49,29.83,86.5,21.01,17.42,82.9,0.9,0.21,23.1,0.24,27,200.0,ST,3.0
Michael Olise,Bundesliga,32,2317,0.58,0.45,0.14,3.92,1.94,14.85,0.11,25.48,300.7,11.8,13.21,121.8,0.4,1.83,0.31,1.2,0.39,0.93,0.5,3.88,0.04,0.35,12.0,5.71,47.6,0.82,0.31,38.1,60.48,50.88,84.1,36.36,29.09,80.0,2.6,0.62,23.9,0.85,24,170.0,W,3.0
Jude Bellingham,La Liga,28,1917,0.28,0.34,-0.06,2.39,1.22,11.76,0.14,17.32,186.0,10.7,7.18,73.0,0.5,0.61,0.09,0.38,0.09,2.39,0.66,4.93,0.09,0.85,11.55,6.67,57.7,2.86,1.64,57.4,55.26,49.3,89.2,20.99,17.14,81.7,0.75,0.19,25.0,0.19,23,160.0,AM,3.0
Pedri,La Liga,29,2107,0.09,0.07,0.02,0.9,0.43,9.52,0.07,29.81,318.1,10.7,14.27,147.3,0.4,0.34,0.09,0.81,0.3,2.14,1.03,6.96,0.09,0.98,9.35,5.6,59.8,0.51,0.43,83.3,87.78,80.39,91.6,32.98,28.36,86.0,0.56,0.21,38.5,0.9,23,150.0,CM,4.0
Khvicha Kvaratskhelia,Ligue 1,28,1483,0.49,0.48,0.01,3.94,1.76,12.31,0.12,21.97,262.9,12.0,11.29,104.7,0.6,1.27,0.12,0.79,0.06,1.46,0.67,3.34,0.18,0.24,10.8,5.7,52.8,1.4,0.42,30.4,54.13,47.58,87.9,23.55,19.24,81.7,1.82,0.42,23.3,0.42,25,140.0,W,3.0
João Neves,Ligue 1,21,1287,0.35,0.2,0.15,1.89,0.42,18.52,0.1,15.45,169.0,10.9,6.64,67.2,0.7,0.07,0.0,0.21,0.0,1.89,0.49,5.24,0.35,0.42,5.87,3.29,56.0,1.61,0.98,60.9,72.66,66.43,91.4,20.21,16.57,82.0,0.28,0.14,50.0,0.21,21,140.0,CM,5.0
Vitinha,Ligue 1,29,2121,0.04,0.04,-0.0,1.44,0.42,2.94,0.03,35.39,380.0,10.7,16.51,168.9,0.4,0.55,0.0,0.47,0.08,1.02,1.15,5.81,0.21,0.93,4.16,2.46,59.2,0.3,0.17,57.1,116.39,109.14,93.8,31.27,26.69,85.3,0.3,0.08,28.6,0.72,26,140.0,DM,3.0
Bukayo Saka,Premier League,31,2225,0.28,0.31,-0.02,2.87,1.09,9.86,0.11,16.18,192.7,11.9,8.37,88.7,0.4,1.21,0.12,1.05,0.16,1.66,0.65,4.73,0.04,0.44,11.12,5.87,52.7,2.1,0.89,42.3,31.27,23.99,76.7,18.32,13.79,75.3,2.71,0.85,31.3,0.12,25,120.0,W,4.0
Désiré Doué,Ligue 1,23,1356,0.46,0.53,-0.06,3.65,1.26,12.73,0.14,22.43,250.1,11.1,10.88,88.3,0.5,1.39,0.33,0.86,0.07,2.12,0.8,4.31,0.13,0.33,12.88,6.11,47.4,0.4,0.07,16.7,56.35,48.38,85.9,25.62,19.58,76.4,2.92,0.6,20.4,0.27,21,120.0,W,3.0
Jamal Musiala,Bundesliga,15,679,0.4,0.64,-0.24,3.98,1.19,10.0,0.16,15.64,159.7,10.2,7.69,72.9,1.3,1.19,0.0,0.27,0.27,1.46,0.27,3.71,0.0,0.13,13.92,6.63,47.6,0.27,0.27,100.0,38.7,32.87,84.9,20.41,15.91,77.9,0.53,0.0,0.0,0.27,23,120.0,AM,4.0
Declan Rice,Premier League,36,3099,0.12,0.09,0.02,1.16,0.38,10.0,0.08,18.12,216.7,12.0,9.53,106.3,0.3,0.23,0.0,0.23,0.0,2.03,1.07,5.23,0.35,2.27,4.85,2.76,56.9,2.15,1.45,67.6,62.03,54.16,87.3,19.49,15.51,79.6,1.36,0.44,31.9,0.35,27,120.0,CM,2.0
Morgan Rogers,Premier League,37,3285,0.27,0.19,0.09,2.3,0.88,11.9,0.08,11.37,134.3,11.8,6.11,69.1,0.3,0.82,0.08,0.44,0.03,1.15,0.36,3.81,0.05,0.88,9.7,3.62,37.3,2.41,0.71,29.5,29.26,21.84,74.6,14.49,10.27,70.9,1.34,0.08,6.1,0.55,24,110.0,AM,7.0
Cole Palmer,Premier League,26,1965,0.46,0.48,-0.03,2.93,1.15,15.62,0.17,14.47,181.1,12.5,8.29,96.9,0.5,0.78,0.05,0.5,0.0,1.15,0.69,3.8,0.0,0.55,8.52,3.85,45.2,0.18,0.0,0.0,37.56,32.2,85.7,17.22,13.83,80.3,1.56,0.23,14.7,0.32,24,110.0,AM,7.0
Elliot Anderson,Premier League,38,3334,0.11,0.08,0.03,1.19,0.27,9.09,0.07,17.2,174.2,10.1,8.02,70.7,0.2,0.22,0.05,0.19,0.0,2.81,1.11,8.26,0.4,1.32,11.61,6.24,53.7,3.02,1.78,58.9,64.33,55.01,85.5,20.19,15.71,77.8,2.0,0.65,32.4,0.24,23,110.0,CM,5.0
Florian Wirtz,Premier League,33,2388,0.19,0.26,-0.08,1.92,0.68,9.8,0.14,13.34,143.6,10.8,5.73,51.3,0.3,0.45,0.04,0.79,0.04,1.28,0.41,4.33,0.08,0.49,7.58,3.47,45.8,1.77,0.26,14.9,53.56,45.26,84.5,27.51,22.05,80.1,0.68,0.0,0.0,0.45,23,100.0,AM,4.0
Pau Cubarsí,La Liga,31,2708,0.03,0.02,0.02,0.33,0.07,10.0,0.05,24.23,245.4,10.1,12.4,121.9,0.3,0.1,0.0,0.1,0.0,1.4,1.0,3.46,0.37,4.89,3.02,1.73,57.1,3.46,2.16,62.5,91.99,87.34,94.9,9.54,8.21,86.1,0.0,0.0,0.0,0.17,19,100.0,CB,3.0
Ousmane Dembélé,Ligue 1,22,1062,0.85,0.56,0.29,3.81,1.53,22.22,0.15,19.66,225.7,11.5,10.51,110.4,0.9,1.27,0.08,0.85,0.08,0.51,0.0,2.12,0.0,0.25,5.68,2.88,50.7,0.51,0.17,33.3,63.14,52.46,83.1,36.44,28.14,77.2,2.97,0.51,17.1,1.44,29,100.0,ST,2.0
Dominik Szoboszlai,Premier League,36,3233,0.17,0.14,0.03,1.98,0.64,8.45,0.07,14.7,160.3,10.9,7.54,75.5,0.3,0.31,0.06,0.33,0.03,1.56,0.84,5.21,0.22,1.61,6.76,3.12,46.1,1.2,0.53,44.2,60.88,53.42,87.8,22.02,18.37,83.4,2.09,0.56,26.7,0.19,25,100.0,AM,5.0
Fermín López,La Liga,30,1797,0.3,0.35,-0.05,3.41,1.25,8.82,0.1,15.63,164.1,10.5,7.06,62.8,0.4,0.8,0.15,0.55,0.25,2.4,0.35,4.11,0.0,0.3,11.07,5.61,50.7,1.15,0.4,34.8,44.57,38.96,87.4,18.68,14.67,78.5,1.6,0.25,15.6,0.95,23,100.0,AM,5.0
William Saliba,Premier League,31,2615,0.03,0.03,0.0,0.17,0.03,20.0,0.17,13.53,131.0,9.7,7.74,80.7,0.4,0.0,0.0,0.0,0.0,1.2,0.59,3.89,0.24,4.58,3.41,2.0,58.6,4.54,2.51,55.3,72.41,67.25,92.9,10.7,8.88,83.0,0.31,0.14,44.4,0.24,25,100.0,CB,4.0
Alexander Isak,Premier League,14,703,0.38,0.34,0.04,2.18,0.77,17.65,0.16,3.84,43.5,11.3,2.3,28.8,1.6,0.38,0.0,0.0,0.0,0.9,0.0,1.66,0.13,1.15,3.97,1.15,29.0,3.46,1.02,29.6,11.27,7.04,62.5,6.79,3.97,58.5,0.26,0.0,0.0,0.13,26,100.0,ST,5.0
Aleksandar Pavlovic,Bundesliga,24,1460,0.18,0.1,0.09,0.62,0.31,30.0,0.16,22.62,234.0,10.3,9.99,99.9,0.6,0.06,0.0,0.37,0.0,1.6,0.86,4.87,0.49,1.05,4.75,2.47,51.9,1.85,0.68,36.7,98.32,92.96,94.5,28.73,25.71,89.5,0.43,0.12,28.6,0.0,22,90.0,DM,3.0
Arda Güler,La Liga,33,2026,0.18,0.2,-0.03,2.18,0.84,8.16,0.09,16.13,161.1,10.0,6.66,51.9,0.3,0.4,0.0,0.62,0.09,2.04,0.4,4.49,0.09,0.4,7.91,4.66,59.0,0.58,0.18,30.8,59.75,54.2,90.7,27.01,23.01,85.2,1.15,0.27,23.1,0.76,21,90.0,AM,3.0
Bradley Barcola,Ligue 1,29,1750,0.57,0.56,0.01,3.45,1.59,16.42,0.16,14.66,182.8,12.5,7.56,82.4,0.6,2.06,0.26,0.62,0.0,1.54,0.62,3.03,0.05,0.31,9.31,3.91,42.0,1.08,0.51,47.6,37.08,30.96,83.5,20.37,16.05,78.8,1.29,0.26,20.0,0.31,24,90.0,W,5.0
Rayan Cherki,Premier League,33,1786,0.2,0.21,-0.01,2.77,0.66,7.27,0.08,23.94,278.0,11.6,12.45,142.1,0.6,1.16,0.05,0.81,0.35,1.31,0.35,4.59,0.05,0.35,11.89,5.59,47.0,0.4,0.05,12.5,64.35,55.63,86.5,30.74,24.19,78.7,1.56,0.5,32.3,1.46,23,90.0,AM,4.0
Hugo Ekitiké,Premier League,28,1810,0.55,0.49,0.06,3.23,0.94,16.92,0.15,8.75,105.3,12.0,4.62,56.3,0.6,1.04,0.15,0.45,0.1,0.55,0.15,2.09,0.1,1.34,7.81,3.03,38.9,4.08,1.54,37.8,19.89,15.27,76.8,11.19,8.06,72.0,0.4,0.05,12.5,0.1,24,90.0,ST,5.0
Anthony Gordon,Premier League,26,1814,0.3,0.44,-0.14,2.38,0.99,12.5,0.18,13.45,180.6,13.4,7.74,101.2,0.6,0.64,0.0,0.4,0.1,0.94,0.15,2.83,0.0,0.64,8.88,4.56,51.4,1.69,0.4,23.5,25.65,20.99,81.8,13.3,10.07,75.8,3.32,0.69,20.9,0.2,25,80.0,W,5.0
Martín Zubimendi,Premier League,38,3001,0.15,0.09,0.06,0.81,0.27,18.52,0.11,12.51,134.3,10.7,6.27,63.6,0.3,0.06,0.0,0.09,0.0,2.04,1.17,3.48,0.15,2.34,4.74,2.64,55.7,2.94,1.95,66.3,57.82,50.5,87.3,15.89,12.42,78.1,0.36,0.09,25.0,0.27,27,80.0,DM,4.0
Warren Zaïre-Emery,Ligue 1,32,2453,0.11,0.04,0.07,0.7,0.26,15.79,0.06,23.08,246.9,10.7,10.6,90.2,0.3,0.15,0.04,0.48,0.07,1.76,0.44,5.47,0.22,0.81,7.19,3.49,48.5,0.84,0.62,73.9,75.54,70.77,93.7,23.22,20.77,89.4,0.55,0.07,13.3,0.22,20,80.0,CM,3.0
Sandro Tonali,Premier League,35,2543,0.0,0.06,-0.06,1.31,0.28,0.0,0.05,13.84,149.4,10.8,6.12,62.4,0.4,0.14,0.0,0.21,0.0,1.24,1.1,5.2,0.25,1.31,5.98,3.33,55.6,0.92,0.46,50.0,55.32,46.68,84.4,18.12,13.24,73.0,1.34,0.28,21.1,0.11,26,80.0,DM,6.0
Ryan Gravenberch,Premier League,36,2996,0.15,0.06,0.09,1.14,0.39,13.16,0.05,17.0,185.2,10.9,8.26,88.8,0.3,0.45,0.06,0.24,0.03,1.77,1.44,3.85,0.33,1.59,7.06,4.0,56.6,1.47,0.81,55.1,55.87,49.66,88.9,17.18,13.97,81.3,0.21,0.0,0.0,0.24,24,80.0,DM,6.0
Nuno Mendes,Ligue 1,20,1251,0.29,0.31,-0.02,2.16,1.08,13.33,0.14,17.05,201.4,11.8,11.44,135.8,0.9,0.43,0.0,0.79,0.14,1.8,0.94,5.9,0.29,1.29,9.5,5.4,56.8,1.15,0.58,50.0,68.85,61.58,89.5,24.03,19.64,81.7,2.01,0.58,28.6,0.58,24,80.0,FB,3.0
Benjamin Sesko,Premier League,30,1635,0.61,0.51,0.1,3.36,1.87,18.03,0.15,3.91,38.9,10.0,1.82,15.1,0.5,0.39,0.0,0.17,0.06,0.28,0.17,2.09,0.11,0.83,4.84,1.16,23.9,6.66,3.52,52.9,16.84,11.61,69.0,6.06,3.52,58.2,0.11,0.0,0.0,0.11,23,75.0,ST,4.0
Jérémy Doku,Premier League,30,1784,0.25,0.14,0.11,1.97,0.76,12.82,0.07,28.81,367.7,12.8,19.57,243.3,0.6,1.26,0.15,1.66,0.1,1.16,0.66,4.44,0.0,0.1,15.74,8.42,53.5,0.61,0.2,33.3,38.95,32.29,82.9,24.92,19.47,78.1,2.93,0.81,27.6,0.91,24,75.0,W,5.0
Dayot Upamecano,Bundesliga,24,1797,0.05,0.05,-0.0,0.4,0.1,12.5,0.13,21.04,200.8,9.5,10.52,88.6,0.4,0.0,0.0,0.15,0.0,2.2,0.95,6.06,0.25,2.6,4.56,2.65,58.2,3.01,1.7,56.7,82.59,76.48,92.6,14.17,11.82,83.4,0.35,0.15,42.9,0.15,27,75.0,CB,4.0
Kenan Yildiz,Serie A,36,2837,0.32,0.26,0.06,3.08,1.27,10.31,0.08,18.65,216.6,11.6,10.82,113.2,0.3,1.33,0.06,1.17,0.06,0.82,0.22,3.84,0.0,0.22,10.12,5.08,50.2,0.92,0.51,55.2,38.8,32.64,84.1,19.99,15.61,78.1,2.66,0.76,28.6,0.32,21,75.0,W,4.0
Martin Ødegaard,Premier League,24,1370,0.07,0.08,-0.02,1.45,0.53,4.55,0.06,21.35,247.8,11.6,9.33,90.7,0.6,0.59,0.0,0.92,0.13,1.25,0.46,4.6,0.0,0.39,5.85,2.43,41.6,0.53,0.2,37.5,54.39,46.05,84.7,26.15,20.04,76.6,0.79,0.2,25.0,1.31,27,70.0,AM,2.0
Nico O'Reilly,Premier League,34,2648,0.17,0.2,-0.04,1.39,0.51,12.2,0.15,12.51,145.8,11.7,7.24,83.8,0.4,0.2,0.03,0.17,0.0,2.31,0.68,3.7,0.37,2.45,8.36,3.74,44.7,3.3,1.73,52.6,46.02,39.66,86.2,13.66,11.08,81.1,1.29,0.31,23.7,0.03,21,70.0,FB,4.0
Phil Foden,Premier League,33,2084,0.3,0.27,0.04,2.38,0.82,12.73,0.11,13.0,130.7,10.1,5.92,51.1,0.4,0.6,0.04,0.3,0.04,1.47,0.39,4.4,0.13,0.52,7.6,3.89,51.1,1.04,0.26,25.0,52.26,46.08,88.2,20.0,16.11,80.6,0.99,0.17,17.4,0.56,26,70.0,AM,4.0
Jurriën Timber,Premier League,30,2457,0.11,0.17,-0.06,0.92,0.26,12.0,0.19,8.86,95.6,10.8,5.49,57.1,0.4,0.04,0.0,0.29,0.04,2.42,0.88,3.55,0.22,1.94,7.22,3.92,54.3,2.2,1.47,66.7,39.74,33.88,85.3,15.9,12.6,79.3,1.68,0.22,13.0,0.33,25,70.0,FB,2.0
Aurélien Tchouaméni,La Liga,33,2622,0.03,0.09,-0.06,1.54,0.24,2.22,0.06,13.49,133.6,9.9,6.18,58.7,0.3,0.03,0.0,0.24,0.0,2.33,1.61,4.94,0.45,1.89,5.32,3.36,63.2,3.26,2.47,75.8,65.66,60.1,91.5,17.06,14.69,86.1,0.24,0.03,14.3,0.21,26,70.0,DM,2.0
Junior Kroupi,Premier League,33,1683,0.7,0.45,0.25,2.78,1.18,25.0,0.16,6.42,65.0,10.1,2.78,21.5,0.4,0.48,0.11,0.21,0.0,0.48,0.48,3.26,0.0,1.76,5.99,1.93,32.1,1.6,0.43,26.7,24.97,18.98,76.0,9.63,6.42,66.7,0.59,0.05,9.1,0.21,20,70.0,ST,4.0
Adam Wharton,Premier League,34,2562,0.04,0.05,-0.02,1.12,0.21,3.12,0.05,9.59,93.4,9.7,5.2,54.1,0.4,0.11,0.0,0.35,0.07,2.46,0.95,5.8,0.11,1.48,8.19,4.07,49.8,1.93,0.84,43.6,43.28,34.32,79.3,14.54,9.8,67.4,1.19,0.42,35.3,0.74,22,70.0,DM,3.0
Alessandro Bastoni,Serie A,28,2249,0.04,0.05,-0.01,0.68,0.32,5.88,0.08,14.97,159.2,10.6,9.36,104.1,0.4,0.08,0.0,0.36,0.04,2.04,0.92,4.0,0.24,3.2,5.52,3.08,55.8,3.24,2.08,64.2,74.03,64.75,87.5,19.49,14.73,75.6,3.4,0.92,27.1,0.08,27,70.0,CB,2.0
Josko Gvardiol,Premier League,18,1374,0.13,0.16,-0.03,1.11,0.39,11.76,0.14,20.17,225.0,11.2,11.53,125.1,0.7,0.13,0.0,0.0,0.0,1.18,0.98,3.28,0.59,4.0,3.34,1.77,52.9,3.47,1.9,54.7,68.58,61.31,89.4,16.51,13.3,80.6,0.13,0.07,50.0,0.2,24,70.0,CB,5.0
Marc Guéhi,Premier League,35,3150,0.09,0.12,-0.03,0.91,0.26,9.38,0.13,16.74,179.3,10.7,9.43,98.7,0.3,0.0,0.0,0.09,0.03,1.31,1.43,3.94,0.63,4.69,4.23,2.6,61.5,4.51,2.94,65.2,65.97,59.14,89.7,14.14,11.37,80.4,0.49,0.09,17.6,0.09,26,70.0,CB,5.0
Morgan Gibbs-White,Premier League,37,3110,0.43,0.31,0.12,2.4,0.93,18.07,0.13,9.9,117.7,11.9,5.7,67.4,0.3,0.29,0.03,0.41,0.03,0.58,0.38,3.18,0.09,0.93,5.93,2.58,43.4,3.39,1.19,35.0,34.96,28.36,81.1,16.87,12.7,75.3,1.22,0.26,21.4,0.29,26,70.0,AM,2.0
Kobbie Mainoo,Premier League,28,1653,0.05,0.03,0.03,0.71,0.16,7.69,0.04,14.05,151.3,10.8,7.68,78.9,0.6,0.16,0.0,0.22,0.0,1.96,1.09,5.17,0.54,1.36,8.0,4.19,52.4,2.12,0.82,38.5,57.01,50.85,89.2,14.48,12.47,86.1,0.71,0.22,30.8,0.16,21,70.0,CM,5.0
Cody Gakpo,Premier League,36,2747,0.23,0.28,-0.05,2.85,0.69,8.05,0.1,12.84,149.7,11.7,6.98,66.8,0.3,1.34,0.07,0.52,0.03,0.92,0.43,2.85,0.13,0.69,7.34,3.47,47.3,3.6,1.83,50.9,24.57,19.3,78.5,14.22,11.11,78.1,1.83,0.23,12.5,0.16,27,65.0,W,4.0
Eberechi Eze,Premier League,33,1900,0.33,0.24,0.09,2.98,0.95,11.11,0.08,11.27,120.2,10.7,4.74,39.4,0.4,0.57,0.05,0.14,0.05,0.9,0.52,3.74,0.05,0.47,7.25,4.17,57.5,1.66,0.47,28.6,31.55,26.76,84.8,13.78,10.8,78.3,0.33,0.09,28.6,0.85,28,65.0,AM,3.0
Rafael Leão,Serie A,29,1859,0.44,0.48,-0.04,3.05,1.16,14.29,0.16,10.99,146.0,13.3,6.63,85.7,0.6,1.02,0.1,0.58,0.15,0.29,0.24,2.08,0.0,0.34,7.02,3.2,45.5,2.66,1.36,50.9,28.18,23.58,83.7,12.3,9.3,75.6,1.21,0.53,44.0,0.44,27,65.0,W,4.0
Trent Alexander-Arnold,La Liga,21,1163,0.0,0.02,-0.02,0.77,0.15,0.0,0.03,13.39,121.8,9.1,6.11,43.7,0.6,0.08,0.0,0.23,0.08,1.08,1.08,3.79,0.15,0.77,4.26,1.86,43.6,0.62,0.39,62.5,63.53,54.17,85.3,21.75,16.48,75.8,5.26,1.01,19.1,0.31,27,65.0,FB,5.0
Nick Woltemade,Premier League,33,1912,0.38,0.31,0.07,1.51,0.61,25.0,0.21,5.13,54.2,10.6,2.21,17.9,0.4,0.05,0.0,0.19,0.0,1.13,0.24,2.49,0.09,0.99,7.06,2.68,38.0,4.28,1.65,38.5,18.08,13.79,76.3,7.96,5.41,68.0,0.14,0.0,0.0,0.19,24,65.0,ST,1.0
Johan Manzambi,Bundesliga,27,2094,0.21,0.17,0.05,2.19,0.52,9.8,0.08,18.14,223.0,12.3,9.76,106.4,0.5,0.56,0.09,0.39,0.09,1.5,1.16,4.73,0.09,1.63,10.49,6.28,59.8,2.58,1.42,55.0,40.36,34.08,84.5,12.94,9.24,71.4,1.5,0.47,31.4,0.26,20,65.0,AM,
Viktor Gyökeres,Premier League,36,2230,0.57,0.5,0.06,2.22,0.89,25.45,0.23,4.76,55.4,11.6,2.54,29.1,0.5,0.28,0.08,0.08,0.0,0.28,0.04,2.22,0.12,0.77,5.53,1.78,32.1,3.91,1.21,30.9,12.87,8.03,62.4,7.99,4.8,60.1,0.32,0.12,37.5,0.16,28,65.0,ST,4.0
Rodri,Premier League,21,1513,0.06,0.07,-0.01,0.95,0.18,6.25,0.07,19.09,181.9,9.5,9.46,82.8,0.5,0.12,0.0,0.18,0.0,2.44,0.83,6.36,0.18,2.44,7.55,4.7,62.2,2.97,2.32,78.0,96.25,86.73,90.1,24.63,20.22,82.1,0.36,0.06,16.7,0.36,30,65.0,DM,4.0
Dean Huijsen,La Liga,28,2037,0.09,0.1,-0.01,0.88,0.22,10.0,0.11,19.09,198.8,10.4,11.75,130.5,0.5,0.13,0.0,0.13,0.0,1.37,0.84,3.27,0.71,5.7,3.18,2.03,63.9,3.67,2.21,60.2,73.39,65.92,89.8,14.71,11.18,76.0,0.04,0.0,0.0,0.04,21,65.0,CB,4.0
Marc Cucurella,Premier League,34,2710,0.03,0.08,-0.04,0.66,0.2,5.0,0.12,7.34,75.5,10.3,5.25,54.9,0.3,0.03,0.0,0.43,0.0,1.83,1.06,3.75,0.27,2.89,5.28,2.79,52.8,2.29,1.2,52.2,47.99,42.11,87.8,13.38,10.99,82.1,1.43,0.43,30.2,0.07,28,60.0,FB,6.0
Luka Vuskovic,Bundesliga,28,2441,0.22,0.16,0.07,1.18,0.37,18.75,0.13,13.75,144.6,10.5,7.6,70.5,0.3,0.04,0.0,0.15,0.0,0.81,1.47,4.65,0.92,9.25,3.91,2.14,54.7,7.37,5.49,74.5,56.56,46.97,83.0,8.3,3.8,45.8,0.07,0.0,0.0,0.11,19,60.0,CB,5.0
Tijjani Reijnders,Premier League,28,1636,0.28,0.24,0.03,2.7,0.88,10.2,0.09,13.48,157.4,11.7,7.43,86.3,0.6,0.94,0.06,0.11,0.06,0.55,0.55,3.19,0.0,1.1,6.11,2.48,40.5,0.44,0.17,37.5,43.9,39.11,89.1,18.1,15.13,83.6,0.88,0.11,12.5,0.39,28,60.0,CM,
Jan Paul van Hecke,Premier League,36,3211,0.08,0.09,-0.01,0.64,0.28,13.04,0.14,25.76,299.0,11.6,16.79,202.1,0.3,0.08,0.0,0.08,0.0,1.49,1.32,3.17,0.78,5.3,4.15,2.66,64.2,5.44,3.2,58.8,70.66,61.61,87.2,13.99,9.33,66.7,0.64,0.28,43.5,0.03,26,60.0,CB,
Lennart Karl,Bundesliga,26,1282,0.35,0.53,-0.18,2.95,1.47,11.9,0.18,17.41,184.8,10.6,7.58,58.0,0.5,1.19,0.14,0.7,0.14,1.76,0.98,3.79,0.14,0.14,10.32,4.0,38.8,0.98,0.14,14.3,57.29,49.21,85.9,25.41,19.87,78.2,1.76,0.49,28.0,0.28,18,60.0,AM,3.0
Jules Koundé,La Liga,30,2261,0.04,0.07,-0.03,0.56,0.16,7.14,0.12,13.41,123.8,9.2,7.8,67.4,0.3,0.08,0.0,0.16,0.0,1.87,1.19,3.62,0.48,2.19,6.81,3.66,53.8,2.47,1.39,56.5,76.51,70.06,91.6,20.18,16.96,84.0,1.59,0.48,30.0,0.12,27,60.0,FB,4.0
Reece James,Premier League,29,1961,0.09,0.05,0.04,1.01,0.32,9.09,0.05,12.71,121.3,9.5,6.01,43.6,0.3,0.14,0.0,0.09,0.0,2.2,1.51,4.68,0.28,1.88,6.52,3.72,57.0,2.16,1.42,66.0,60.76,54.06,89.0,16.94,13.81,81.6,2.43,0.55,22.6,0.28,26,60.0,FB,6.0
Rasmus Højlund,Serie A,33,2761,0.39,0.34,0.05,1.96,0.81,20.0,0.18,6.03,71.3,11.8,3.06,37.2,0.4,0.62,0.03,0.33,0.03,0.13,0.0,1.08,0.07,0.49,6.16,2.22,36.0,3.91,1.4,35.8,16.53,12.32,74.6,7.92,5.48,69.1,0.1,0.07,66.7,0.23,23,60.0,ST,4.0
Dani Olmo,La Liga,33,2077,0.3,0.33,-0.03,3.03,0.91,10.0,0.11,10.53,108.6,10.3,4.64,44.7,0.4,0.52,0.04,0.43,0.09,1.43,0.61,4.42,0.04,1.0,7.93,3.94,49.7,1.43,0.87,60.6,52.65,44.89,85.3,21.75,17.2,79.1,0.56,0.17,30.8,0.61,28,60.0,AM,4.0
Harry Kane,Bundesliga,31,2382,1.36,1.01,0.35,4.5,2.53,30.25,0.23,8.31,84.1,10.1,3.51,27.3,0.3,0.68,0.23,0.3,0.08,0.72,0.3,2.91,0.23,1.25,6.39,3.14,49.1,2.64,1.62,61.4,27.47,22.25,81.0,13.72,10.16,74.1,0.45,0.04,8.3,0.64,33,60.0,ST,1.0
Pedro Neto,Premier League,34,2643,0.17,0.16,0.01,1.57,0.44,10.87,0.1,16.62,215.8,13.0,9.13,113.4,0.4,0.58,0.0,0.78,0.1,0.65,0.2,2.86,0.0,0.44,7.32,3.1,42.3,1.12,0.31,27.3,31.7,27.68,87.3,16.07,13.52,84.1,3.78,0.72,18.9,0.1,26,60.0,W,6.0
Kai Havertz,Premier League,12,583,0.31,0.51,-0.2,2.78,0.62,11.11,0.18,6.79,79.2,11.7,3.86,39.4,1.6,0.62,0.0,0.15,0.0,1.23,0.15,2.16,0.0,1.23,6.48,2.93,45.2,6.48,2.62,40.5,25.63,18.99,74.1,13.74,9.73,70.8,0.93,0.0,0.0,0.15,27,55.0,ST,2.0
Jérémy Jacquet,Ligue 1,19,1673,0.0,0.06,-0.06,0.59,0.16,0.0,0.09,14.52,145.1,10.0,8.34,88.0,0.6,0.0,0.0,0.11,0.0,1.45,1.02,4.14,0.86,4.9,3.82,2.37,62.0,2.64,1.99,75.5,57.88,52.34,90.4,7.75,5.7,73.6,0.0,0.0,0.0,0.05,21,55.0,CB,5.0
Rúben Dias,Premier League,26,2140,0.08,0.02,0.06,0.42,0.17,20.0,0.06,19.72,200.8,10.2,10.93,114.9,0.4,0.04,0.0,0.04,0.0,0.55,0.97,3.07,0.71,4.92,1.98,1.01,51.1,3.74,2.44,65.2,73.68,68.51,93.0,11.73,9.97,85.0,0.38,0.13,33.3,0.04,29,55.0,CB,3.0
Alejandro Balde,La Liga,28,1874,0.0,0.03,-0.03,0.48,0.05,0.0,0.07,14.6,165.9,11.4,7.64,75.8,0.5,0.34,0.0,0.24,0.05,1.68,0.24,4.42,0.48,1.2,6.68,3.99,59.7,0.96,0.48,50.0,57.34,52.64,91.8,18.39,16.14,87.7,1.34,0.29,21.4,0.1,22,55.0,FB,2.0
Riccardo Calafiori,Premier League,26,1707,0.05,0.18,-0.12,1.69,0.42,3.12,0.1,9.86,109.0,11.1,5.27,54.3,0.5,0.32,0.0,0.11,0.0,1.69,0.79,3.85,0.26,2.64,5.64,2.95,52.3,4.06,2.53,62.3,39.86,34.11,85.6,11.65,10.23,87.8,1.11,0.16,14.3,0.05,24,55.0,FB,3.0
Ferran Torres,La Liga,33,1976,0.73,0.6,0.13,3.14,1.69,23.19,0.19,4.6,48.2,10.5,1.91,12.1,0.3,0.36,0.18,0.18,0.0,0.32,0.14,1.64,0.05,0.46,4.24,1.59,37.6,1.96,1.14,58.1,21.45,16.26,75.8,9.66,6.47,67.0,0.14,0.05,33.3,0.14,26,55.0,ST,5.0
Nico Schlotterbeck,Bundesliga,28,2520,0.18,0.13,0.04,1.14,0.32,15.62,0.12,15.64,158.0,10.1,9.39,97.2,0.4,0.07,0.0,0.11,0.0,1.79,0.96,5.07,0.43,4.54,5.36,3.29,61.3,3.75,2.36,62.9,70.89,62.57,88.3,16.86,12.54,74.4,0.82,0.18,21.7,0.14,26,55.0,CB,5.0
Felix Nmecha,Bundesliga,29,2184,0.08,0.15,-0.07,1.36,0.29,6.06,0.11,11.29,136.0,12.0,6.06,72.7,0.5,0.21,0.0,0.08,0.0,1.52,1.11,4.49,0.16,1.2,6.96,3.71,53.3,1.77,1.11,62.8,44.3,38.61,87.2,15.37,11.79,76.7,0.29,0.08,28.6,0.12,25,55.0,CM,4.0
Mason Greenwood,Ligue 1,32,2469,0.58,0.52,0.06,4.19,1.75,13.91,0.13,20.01,227.0,11.3,8.89,82.7,0.3,1.57,0.07,0.66,0.07,0.55,0.15,2.99,0.04,0.11,8.02,3.75,46.8,0.33,0.07,22.2,45.6,37.25,81.7,21.22,16.04,75.6,2.44,0.55,22.4,0.55,24,55.0,W,4.0
Pablo Barrios,La Liga,23,1666,0.05,0.1,-0.04,1.24,0.32,4.35,0.08,17.34,201.6,11.6,7.89,72.4,0.5,0.16,0.0,0.43,0.0,1.62,1.46,6.16,0.11,0.65,8.48,4.65,54.8,1.73,0.97,56.3,56.83,50.56,89.0,20.74,17.12,82.5,1.67,0.54,32.3,0.43,23,55.0,CM,4.0
Alberto Moleiro,La Liga,37,2490,0.36,0.21,0.15,1.66,0.72,21.74,0.13,10.3,125.9,12.2,6.07,78.0,0.5,0.47,0.14,0.36,0.11,1.08,0.43,4.01,0.11,0.47,8.71,3.25,37.3,0.87,0.11,12.5,29.42,23.28,79.1,12.87,9.51,73.9,0.54,0.07,13.3,0.51,22,50.0,W,4.0
Eduardo Camavinga,La Liga,29,1526,0.06,0.07,-0.01,0.77,0.12,7.69,0.09,13.8,145.0,10.5,5.78,49.8,0.5,0.12,0.0,0.18,0.0,3.83,0.83,4.95,0.65,1.42,10.09,6.43,63.7,1.06,0.59,55.6,64.05,58.8,91.8,20.05,17.16,85.6,0.12,0.0,0.0,0.41,23,50.0,CM,3.0
Maxence Lacroix,Premier League,35,3087,0.03,0.07,-0.04,0.7,0.2,4.17,0.1,12.07,113.3,9.4,6.33,62.7,0.3,0.0,0.0,0.03,0.0,1.75,1.31,2.74,0.5,7.35,4.05,2.48,61.2,5.66,3.47,61.3,48.28,42.57,88.2,5.13,2.68,52.3,0.15,0.06,40.0,0.03,26,50.0,CB,6.0
Federico Dimarco,Serie A,35,2704,0.23,0.17,0.06,2.16,0.73,10.77,0.08,7.42,84.8,11.4,4.46,51.0,0.4,0.1,0.0,0.3,0.07,1.66,1.03,4.13,0.1,0.93,5.23,2.66,51.0,0.47,0.07,14.3,48.49,40.37,83.3,20.17,16.24,80.5,5.72,1.6,27.9,0.1,28,50.0,FB,2.0
Micky van de Ven,Premier League,35,3043,0.12,0.07,0.04,0.47,0.18,25.0,0.16,10.88,127.3,11.7,5.89,70.4,0.4,0.0,0.0,0.03,0.0,1.15,0.65,3.61,0.65,3.87,3.49,2.13,61.0,2.99,1.39,46.5,52.35,47.35,90.5,4.7,3.28,69.8,0.09,0.0,0.0,0.0,25,50.0,CB,5.0
Nathaniel Brown,Bundesliga,33,2657,0.14,0.09,0.05,0.61,0.3,22.22,0.14,11.96,128.3,10.7,6.47,60.3,0.3,0.24,0.03,0.47,0.03,2.74,0.88,4.0,0.2,1.49,7.52,4.44,59.0,1.02,0.3,30.0,38.41,32.55,84.7,10.3,7.69,74.7,1.39,0.24,17.1,0.07,23,50.0,FB,5.0
Álvaro Carreras,La Liga,28,2334,0.08,0.02,0.06,0.35,0.12,22.22,0.05,14.23,154.5,10.9,8.02,80.0,0.4,0.15,0.04,0.19,0.04,1.58,1.5,5.98,0.23,2.31,6.63,3.55,53.5,2.24,1.23,55.2,66.44,60.19,90.6,24.18,21.4,88.5,1.2,0.12,9.7,0.04,23,50.0,FB,5.0
Alex Scott,Premier League,37,2859,0.09,0.12,-0.03,1.39,0.41,6.82,0.09,13.91,155.4,11.2,6.86,68.5,0.3,0.25,0.0,0.25,0.0,1.89,1.13,6.14,0.44,2.55,8.34,4.66,55.8,2.14,1.16,54.4,43.85,37.21,84.8,11.84,8.34,70.5,0.85,0.22,25.9,0.31,23,50.0,CM,2.0
Manu Koné,Serie A,29,2459,0.07,0.08,-0.0,0.77,0.18,9.52,0.1,13.29,142.7,10.7,6.81,69.6,0.4,0.04,0.0,0.37,0.04,1.79,0.66,4.65,0.11,1.02,9.22,4.65,50.4,2.01,1.02,50.9,50.14,45.35,90.4,15.88,13.62,85.7,0.04,0.0,0.0,0.18,25,50.0,CM,3.0
Leny Yoro,Premier League,32,1739,0.0,0.07,-0.07,0.47,0.16,0.0,0.15,12.16,138.8,11.4,7.04,83.2,0.6,0.0,0.0,0.0,0.0,1.66,1.6,3.78,0.57,4.4,3.62,2.02,55.7,4.04,2.28,56.4,51.08,45.18,88.5,8.85,6.83,77.2,0.16,0.05,33.3,0.05,20,50.0,CB,3.0
Yann Bisseck,Serie A,23,1922,0.14,0.12,0.02,1.17,0.56,12.0,0.1,13.16,139.4,10.6,6.74,66.6,0.5,0.14,0.05,0.0,0.0,1.26,1.03,3.28,0.33,3.47,4.12,2.34,56.8,2.81,1.83,65.0,60.73,56.29,92.7,12.17,9.74,80.0,0.61,0.09,15.4,0.0,25,50.0,CB,5.0
Mateus Fernandes,Premier League,36,3024,0.09,0.06,0.03,0.83,0.24,10.71,0.07,10.83,127.9,11.8,4.88,51.7,0.3,0.21,0.0,0.18,0.03,3.07,1.04,5.42,0.36,1.07,9.52,5.36,56.3,1.16,0.57,48.7,46.49,40.65,87.5,13.57,10.3,75.9,0.86,0.18,20.7,0.42,22,50.0,CM,5.0
Gonçalo Ramos,Ligue 1,30,1309,0.41,0.62,-0.21,3.99,1.72,10.34,0.16,5.09,48.3,9.5,2.61,21.3,0.6,0.41,0.07,0.21,0.0,0.89,0.34,2.06,0.0,0.69,7.98,3.64,45.7,3.37,1.44,42.9,23.38,19.46,83.2,8.73,6.81,78.0,0.07,0.07,100.0,0.07,25,50.0,ST,5.0
Matheus Nunes,Premier League,34,2865,0.03,0.01,0.02,0.22,0.06,14.29,0.05,16.15,175.1,10.8,8.29,88.6,0.3,0.06,0.0,0.19,0.06,1.79,0.94,5.31,0.25,3.14,6.22,3.61,58.1,2.17,1.32,60.9,67.76,60.38,89.1,22.12,18.85,85.2,2.07,0.5,24.2,0.16,28,50.0,FB,2.0
Maghnes Akliouche,Ligue 1,31,2410,0.22,0.27,-0.05,1.79,0.71,12.5,0.15,14.83,178.5,12.0,7.84,85.2,0.4,0.71,0.0,0.67,0.04,1.46,0.71,5.27,0.11,0.49,8.1,3.77,46.5,0.82,0.11,13.6,41.27,35.14,85.2,19.16,15.01,78.4,1.16,0.22,19.4,0.34,24,50.0,W,5.0
Xavi Simons,Premier League,28,1757,0.1,0.16,-0.06,2.15,0.51,4.76,0.07,13.93,181.5,13.0,7.43,94.7,0.7,0.61,0.1,0.46,0.0,1.74,0.77,4.46,0.05,0.61,10.65,5.43,51.0,1.9,0.61,32.4,41.08,34.06,82.9,17.36,13.22,76.1,0.97,0.2,21.1,0.41,23,50.0,AM,4.0
Karim Adeyemi,Bundesliga,28,1196,0.53,0.37,0.16,2.33,1.05,22.58,0.16,11.59,146.1,12.6,6.92,73.9,0.8,0.38,0.08,0.6,0.23,0.38,0.6,3.46,0.0,0.15,11.51,4.29,37.3,1.13,0.53,46.7,22.05,15.8,71.7,12.42,8.58,69.1,0.9,0.23,25.0,0.3,24,50.0,W,5.0
Nicolò Barella,Serie A,34,2533,0.11,0.11,-0.01,1.24,0.18,8.57,0.09,15.1,159.2,10.5,8.24,80.9,0.3,0.07,0.0,0.43,0.04,1.92,0.32,5.9,0.11,0.36,7.0,3.59,51.3,1.21,0.46,38.2,62.53,53.62,85.7,25.65,19.68,76.7,2.49,0.82,32.9,0.28,29,50.0,CM,3.0
Marcus Thuram,Serie A,29,1913,0.61,0.43,0.18,3.48,1.36,17.57,0.12,7.48,103.5,13.8,4.33,61.1,0.7,0.56,0.05,0.33,0.09,1.13,0.05,1.83,0.09,0.47,7.81,3.81,48.8,4.33,2.31,53.3,22.58,17.08,75.6,11.1,7.67,69.1,0.99,0.28,28.6,0.05,29,50.0,ST,2.0
Castello Lukeba,Bundesliga,26,2177,0.04,0.05,-0.01,0.33,0.08,12.5,0.15,16.33,171.2,10.5,8.47,100.3,0.5,0.04,0.0,0.08,0.0,1.28,1.24,5.25,0.83,5.13,3.64,2.65,72.7,2.56,1.28,50.0,71.07,64.08,90.2,9.1,5.95,65.5,0.17,0.0,0.0,0.08,23,50.0,CB,3.0
Nico Williams,La Liga,25,1687,0.32,0.29,0.03,2.45,0.85,13.04,0.12,17.39,217.9,12.5,12.11,144.7,0.6,0.75,0.16,0.59,0.11,0.8,0.37,4.8,0.0,0.48,14.03,5.92,42.2,0.96,0.43,44.4,30.25,23.42,77.4,15.2,10.3,67.7,3.04,0.64,21.1,0.11,24,50.0,W,9.0
Noni Madueke,Premier League,26,1217,0.22,0.09,0.13,1.92,0.74,11.54,0.05,14.86,187.4,12.6,8.8,95.4,0.8,0.59,0.0,0.52,0.0,1.55,0.37,2.59,0.07,0.59,11.02,4.81,43.6,1.63,0.74,45.5,30.39,23.15,76.2,17.6,12.65,71.8,3.48,0.52,14.9,0.15,24,50.0,W,4.0
Álex Baena,La Liga,27,1572,0.11,0.11,0.0,1.66,0.4,6.9,0.07,16.77,197.8,11.8,8.76,95.7,0.6,0.52,0.06,0.63,0.06,1.03,0.92,3.61,0.23,0.69,8.07,3.49,43.3,1.6,0.4,25.0,41.68,33.78,81.0,18.09,13.63,75.3,3.32,0.97,29.3,0.34,25,45.0,W,4.0
Petar Sucic,Serie A,34,1765,0.1,0.08,0.02,1.12,0.31,9.09,0.08,18.1,199.9,11.0,9.33,100.3,0.5,0.2,0.05,0.31,0.0,2.35,0.46,3.88,0.05,0.97,9.23,4.39,47.5,1.07,0.61,57.1,57.88,51.71,89.3,21.93,18.0,82.1,1.33,0.36,26.9,0.2,22,45.0,CM,4.0
Saïd El Mala,Bundesliga,34,1957,0.6,0.52,0.08,3.45,1.43,17.33,0.15,11.31,158.3,14.0,7.27,92.5,0.6,1.7,0.28,0.37,0.05,1.1,0.37,2.9,0.0,0.23,10.62,4.18,39.4,1.75,0.78,44.7,15.68,11.64,74.2,7.82,5.24,67.1,1.79,0.46,25.6,0.14,20,45.0,W,5.0
Jarell Quansah,Bundesliga,28,2302,0.16,0.11,0.05,0.7,0.31,22.22,0.16,15.09,168.6,11.2,7.7,86.5,0.4,0.12,0.0,0.12,0.0,1.09,1.06,3.83,0.55,3.48,4.07,2.42,59.6,2.66,1.6,60.3,64.04,57.82,90.3,14.35,11.85,82.6,0.78,0.16,20.0,0.12,23,45.0,CB,4.0
Can Uzun,Bundesliga,21,1164,0.62,0.3,0.31,3.17,1.47,19.51,0.1,14.92,158.9,10.6,6.57,47.3,0.6,1.01,0.08,0.31,0.08,1.16,0.15,4.33,0.15,0.39,9.82,4.41,44.9,0.85,0.46,54.5,45.85,37.42,81.6,21.26,15.62,73.5,1.39,0.23,16.7,0.7,20,45.0,AM,3.0
Crysencio Summerville,Premier League,31,2480,0.18,0.19,-0.01,1.96,0.54,9.26,0.1,13.75,179.9,13.1,7.37,83.6,0.4,0.91,0.07,0.44,0.04,1.63,0.58,4.35,0.15,1.09,11.43,5.92,51.7,0.83,0.25,30.4,23.19,19.2,82.8,9.8,7.4,75.6,1.09,0.25,23.3,0.22,24,45.0,W,4.0
Pedro Porro,Premier League,34,2798,0.03,0.03,-0.0,1.03,0.26,3.12,0.03,11.03,118.3,10.7,6.56,69.7,0.3,0.1,0.0,0.26,0.0,2.44,1.0,4.28,0.32,3.28,7.27,3.89,53.5,1.42,0.61,43.2,47.28,35.45,75.0,18.24,12.29,67.4,4.99,1.13,22.6,0.13,27,45.0,FB,5.0
Myles Lewis-Skelly,Premier League,20,698,0.0,0.01,-0.01,0.26,0.0,0.0,0.05,10.32,106.7,10.3,6.06,68.4,1.5,0.0,0.0,0.0,0.0,1.03,0.64,3.87,0.13,1.42,7.09,4.13,58.2,2.19,0.77,35.3,49.26,45.13,91.6,11.73,10.32,87.9,0.0,0.0,0.0,0.0,19,45.0,DM,4.0
Donyell Malen,Premier League / Serie A,39,2123,0.7618935468676401,0.7649317004239283,0.0039236928874234,4.1111304757418745,1.6985963259538388,18.423198304286387,0.1848092322185586,7.379971738106454,81.00475741874706,11.0,3.9888695242581247,40.71281205840791,0.8734338200659444,1.1880923221855866,0.1678473857748469,0.2111446066886481,0.0425341497880358,0.3789919924634951,0.0835421573245407,1.8664437117286856,0.0,0.126839378238342,6.998596325953839,2.370763071125765,34.05327366933585,1.6158172397550636,0.5522750824305228,33.96825247291569,13.314931700423928,10.301389543099386,77.42152614225152,6.9946867640131885,5.211022138483278,74.50136599152142,0.5553273669335845,0.126839378238342,20.31540273198304,0.0843052284503061,27,45.0,ST,4.0
Ibrahima Konaté,Premier League,36,3100,0.03,0.04,-0.01,0.35,0.12,8.33,0.1,14.17,141.6,10.0,8.16,86.1,0.3,0.0,0.0,0.03,0.0,1.54,0.84,3.4,0.67,5.52,4.21,2.79,66.2,5.05,3.6,71.3,62.94,56.41,89.6,9.23,7.23,78.3,0.09,0.03,33.3,0.12,27,45.0,CB,4.0
Martin Baturina,Serie A,29,1569,0.34,0.1,0.24,1.61,0.52,21.43,0.07,17.72,194.6,11.0,8.72,86.2,0.6,0.52,0.17,1.09,0.06,1.2,0.29,4.93,0.11,0.11,10.1,5.05,50.0,0.92,0.34,37.5,48.47,42.5,87.7,18.7,15.37,82.2,1.66,0.75,44.8,0.4,23,45.0,AM,4.0
Ezri Konsa,Premier League,34,3036,0.0,0.04,-0.04,0.33,0.06,0.0,0.11,15.12,154.5,10.2,8.45,86.3,0.3,0.0,0.0,0.06,0.0,0.65,0.68,3.2,0.77,3.62,2.76,2.02,73.1,1.66,0.95,57.1,62.19,59.38,95.5,6.55,5.25,80.1,0.15,0.03,20.0,0.03,28,45.0,CB,
Malick Thiaw,Premier League,35,2964,0.12,0.14,-0.02,0.85,0.43,14.29,0.17,12.66,128.7,10.2,7.5,77.0,0.3,0.03,0.0,0.0,0.0,1.34,0.94,3.58,1.0,5.59,2.98,1.88,63.3,5.31,3.46,65.1,51.47,46.12,89.6,7.71,5.83,75.6,0.24,0.03,12.5,0.03,25,45.0,CB,3.0
Angelo Stiller,Bundesliga,34,2744,0.07,0.1,-0.04,0.56,0.26,11.76,0.18,14.4,144.8,10.1,6.46,57.4,0.3,0.03,0.03,0.26,0.03,1.61,0.98,5.25,0.23,1.57,5.58,3.51,62.9,2.33,1.08,46.5,76.49,67.4,88.1,23.09,18.3,79.3,1.25,0.39,31.6,0.26,25,45.0,DM,2.0
Amadou Onana,Premier League,25,1764,0.1,0.09,0.01,0.97,0.36,10.53,0.09,9.44,99.1,10.5,3.83,35.8,0.5,0.1,0.0,0.05,0.0,2.45,1.28,3.67,0.87,3.01,6.28,3.93,62.6,3.47,2.3,66.2,43.32,37.86,87.4,9.8,7.09,72.4,0.0,0.0,0.0,0.15,25,45.0,DM,3.0
James Garner,Premier League,38,3414,0.05,0.05,-0.0,1.19,0.37,4.44,0.05,12.18,126.3,10.4,5.06,46.7,0.2,0.08,0.0,0.13,0.05,3.16,1.56,4.85,0.26,2.24,7.75,4.72,60.9,1.24,0.79,63.8,47.27,41.23,87.2,15.63,12.92,82.6,1.95,0.47,24.3,0.26,25,45.0,DM,4.0
Tino Livramento,Premier League,17,1328,0.0,0.01,-0.01,0.2,0.0,0.0,0.05,11.93,138.0,11.6,6.44,69.5,0.7,0.07,0.0,0.07,0.0,1.49,0.41,5.49,0.14,2.64,6.3,3.52,55.9,1.22,0.61,50.0,44.25,39.31,88.8,16.2,13.96,86.2,2.44,0.61,25.0,0.14,23,45.0,FB,2.0
Jørgen Strand Larsen,Premier League,36,2316,0.16,0.21,-0.05,1.71,0.54,9.09,0.12,3.3,31.7,9.6,1.48,12.1,0.3,0.23,0.0,0.04,0.0,0.35,0.16,1.44,0.27,1.48,5.75,1.59,27.7,7.93,3.11,39.2,19.16,12.36,64.5,7.19,4.24,58.9,0.12,0.0,0.0,0.16,26,45.0,ST,4.0
Strahinja Pavlovic,Serie A,34,2870,0.16,0.11,0.05,0.82,0.19,19.23,0.14,15.8,175.8,11.1,10.0,120.7,0.4,0.0,0.0,0.22,0.03,1.69,0.63,3.04,0.44,3.67,5.3,3.1,58.6,3.95,2.2,55.6,57.95,52.62,90.8,9.09,6.87,75.5,0.47,0.16,33.3,0.03,25,40.0,CB,2.0
Scott McTominay,Serie A,33,2793,0.32,0.35,-0.03,3.25,1.1,9.9,0.11,12.79,137.5,10.7,6.35,69.3,0.4,0.68,0.06,0.16,0.0,0.9,0.68,4.22,0.42,1.55,7.64,3.9,51.1,2.61,1.55,59.3,42.82,38.09,88.9,10.83,8.6,79.5,0.32,0.06,20.0,0.13,29,40.0,CM,2.0
Maximilian Beier,Bundesliga,32,2036,0.4,0.33,0.07,2.21,0.88,18.0,0.15,6.76,74.1,11.0,3.76,36.0,0.4,0.35,0.04,0.27,0.04,1.15,0.62,3.05,0.13,0.93,7.82,3.01,38.4,2.83,1.06,37.5,25.99,18.3,70.4,12.55,8.05,64.1,1.24,0.09,7.1,0.22,23,40.0,ST,3.0
Djed Spence,Premier League,30,2056,0.0,0.04,-0.04,0.57,0.35,0.0,0.07,14.1,175.2,12.4,7.49,93.4,0.5,0.22,0.0,0.22,0.0,1.93,0.79,4.86,0.13,2.28,8.97,4.29,47.8,2.14,1.01,46.9,38.61,31.21,80.8,12.56,9.02,71.8,2.23,0.44,19.6,0.0,26,40.0,FB,5.0
Moise Kean,Serie A,26,2041,0.35,0.66,-0.31,4.32,1.19,8.16,0.15,5.69,72.0,12.7,3.17,41.3,0.6,1.32,0.09,0.0,0.0,0.26,0.31,1.5,0.04,0.71,7.45,3.31,44.4,2.6,1.19,45.8,9.39,6.79,72.3,4.23,2.73,64.6,0.31,0.0,0.0,0.09,26,40.0,ST,1.0
Eric García,La Liga,34,2730,0.03,0.1,-0.06,0.82,0.23,4.0,0.12,11.87,114.4,9.6,6.49,63.1,0.3,0.13,0.0,0.2,0.0,2.44,1.58,3.73,0.23,2.57,5.57,3.26,58.6,2.67,1.45,54.3,77.44,71.37,92.2,18.4,16.19,88.0,0.46,0.03,7.1,0.23,25,40.0,CB,5.0
Cristhian Mosquera,Premier League,20,989,0.0,0.01,-0.01,0.09,0.0,0.0,0.1,13.74,143.8,10.5,8.74,90.0,0.9,0.0,0.0,0.0,0.0,2.91,0.73,3.09,0.55,4.28,6.55,3.64,55.6,4.37,1.82,41.7,57.6,52.6,91.3,10.92,9.65,88.3,0.27,0.09,33.3,0.09,22,40.0,CB,4.0
Christoph Baumgartner,Bundesliga,33,2789,0.42,0.5,-0.08,2.61,1.13,16.05,0.19,7.58,83.1,11.0,4.07,39.9,0.3,0.19,0.03,0.19,0.03,1.74,0.68,3.65,0.13,1.39,7.65,3.23,42.2,3.84,1.9,49.6,36.14,27.36,75.7,12.13,7.2,59.3,0.16,0.06,40.0,0.58,27,40.0,AM,2.0
Nico González,La Liga / Premier League,49,3020,0.1802814569536424,0.1458476821192053,0.034433774834437,1.6948940397350991,0.6536721854304636,9.300254966887415,0.0740562913907284,12.6072119205298,134.8625165562914,11.047152317880796,7.031241721854304,77.90102649006623,0.6962251655629139,0.3553741721854305,0.0,0.0888675496688741,0.0,1.9673642384105965,1.0720794701986756,4.501235099337748,0.2678311258278146,2.11623178807947,8.463665562913906,4.322827814569536,51.614205298013246,4.26017880794702,2.477350993377484,57.41976821192053,55.1321523178808,47.534231788079474,83.41990066225166,16.478447019867552,12.724397350993378,74.8180463576159,0.8916887417218542,0.122546357615894,22.619006622516554,0.122546357615894,24,40.0,DM,
Michael Kayode,Premier League,37,3264,0.03,0.03,-0.0,0.25,0.08,11.11,0.13,10.01,122.5,12.2,5.29,58.5,0.3,0.08,0.0,0.19,0.0,1.85,1.05,4.49,0.36,2.73,8.3,4.74,57.1,1.88,1.13,60.3,31.46,26.75,85.0,7.14,5.13,71.8,1.54,0.39,25.0,0.06,22,40.0,FB,6.0
Jobe Bellingham,Bundesliga,32,1784,0.0,0.05,-0.05,0.96,0.3,0.0,0.06,12.21,125.9,10.3,5.5,46.3,0.4,0.15,0.0,0.05,0.0,2.22,1.92,5.7,0.4,1.26,7.26,3.99,54.9,2.12,1.21,57.1,52.87,46.21,87.4,15.89,12.71,80.0,0.2,0.0,0.0,0.15,20,40.0,CM,4.0
Josip Stanisic,Bundesliga,26,1855,0.1,0.07,0.03,0.34,0.19,28.57,0.19,13.92,152.1,10.9,8.3,90.3,0.5,0.05,0.0,0.39,0.05,1.36,0.87,4.08,0.39,2.96,4.22,2.33,55.2,2.04,1.21,59.5,61.04,54.78,89.8,22.95,19.94,86.9,1.6,0.29,18.2,0.19,26,40.0,FB,3.0
Lewis Hall,Premier League,30,2179,0.04,0.04,-0.0,1.03,0.25,4.0,0.04,13.88,152.5,11.0,8.05,83.8,0.4,0.21,0.0,0.12,0.0,2.23,1.16,5.53,0.58,3.18,9.62,5.45,56.7,2.4,1.07,44.8,52.08,44.4,85.3,16.98,13.38,78.8,2.52,0.45,18.0,0.12,22,40.0,FB,
Marcus Rashford,La Liga,32,1761,0.41,0.38,0.03,3.88,1.48,10.53,0.1,14.92,189.7,12.7,8.53,106.8,0.6,1.18,0.05,0.41,0.05,0.41,0.1,2.25,0.15,0.72,8.23,3.22,39.1,0.51,0.2,40.0,39.51,33.48,84.7,23.1,18.86,81.6,2.56,0.26,10.0,0.1,28,40.0,W,2.0
Jorrel Hato,Premier League,22,1142,0.0,0.02,-0.02,0.32,0.0,0.0,0.08,10.09,92.3,9.1,4.65,38.4,0.7,0.08,0.0,0.0,0.0,2.84,1.42,3.94,0.55,3.07,6.46,3.55,54.9,2.68,1.26,47.1,59.97,55.17,92.0,9.22,7.57,82.0,0.55,0.32,57.1,0.08,20,40.0,FB,6.0
Jarrad Branthwaite,Premier League,10,681,0.13,0.05,0.09,0.79,0.26,16.67,0.06,11.63,123.8,10.6,7.4,83.7,1.5,0.13,0.0,0.13,0.0,1.72,1.45,3.83,0.26,5.42,3.44,1.85,53.8,5.02,3.96,78.9,46.39,38.85,83.8,11.89,8.72,73.3,0.4,0.0,0.0,0.0,24,40.0,CB,4.0
Jamie Leweling,Bundesliga,32,2375,0.27,0.16,0.1,1.86,0.68,14.29,0.09,13.95,179.9,12.9,7.2,88.0,0.5,1.1,0.08,0.91,0.23,0.83,0.53,3.68,0.08,1.14,7.47,3.68,49.2,1.1,0.45,41.4,28.65,22.17,77.4,12.77,8.83,69.1,4.62,1.17,25.4,0.3,25,40.0,W,3.0
Trevoh Chalobah,Premier League,34,2782,0.1,0.05,0.05,0.52,0.16,18.75,0.09,11.1,102.4,9.2,5.69,49.7,0.3,0.03,0.0,0.0,0.0,1.13,1.13,3.85,0.52,5.76,3.04,1.91,62.8,4.37,2.43,55.6,73.86,68.71,93.0,7.8,5.92,75.9,0.16,0.03,20.0,0.13,27,40.0,CB,5.0
Tom Bischof,Bundesliga,26,1294,0.21,0.12,0.09,2.09,0.63,10.0,0.06,16.34,155.8,9.5,7.86,70.0,0.6,0.28,0.07,0.42,0.14,1.81,1.04,5.22,0.35,0.9,5.84,2.92,50.0,1.04,0.77,73.3,81.79,75.74,92.6,29.07,25.87,89.0,1.18,0.28,23.5,0.21,21,40.0,CM,3.0
Youri Tielemans,Premier League,25,1862,0.0,0.06,-0.06,1.16,0.34,0.0,0.05,9.72,105.1,10.8,5.27,52.7,0.5,0.15,0.0,0.24,0.0,2.8,0.87,4.54,0.68,0.92,8.46,5.17,61.1,1.89,1.06,56.4,54.57,46.35,84.9,18.17,13.58,74.7,1.16,0.34,29.2,0.63,29,40.0,CM,5.0
Yasin Ayari,Premier League,29,1924,0.14,0.13,0.01,1.92,0.47,7.32,0.07,10.85,103.3,9.5,4.16,36.8,0.4,0.42,0.09,0.05,0.0,2.2,1.22,5.8,0.19,1.12,8.84,4.35,49.2,1.22,0.42,34.6,45.05,38.78,86.1,9.12,6.74,73.8,0.47,0.05,10.0,0.05,22,40.0,CM,1.0
Brian Brobbey,Premier League,31,1931,0.33,0.28,0.05,1.68,0.84,19.44,0.16,4.05,41.6,10.3,1.82,11.6,0.3,0.28,0.05,0.09,0.0,0.42,0.0,2.05,0.28,0.7,5.73,2.19,38.2,6.48,3.03,46.8,12.82,9.23,72.0,6.2,3.82,61.6,0.09,0.0,0.0,0.0,24,40.0,ST,3.0
Boubacar Kamara,Premier League,18,1418,0.06,0.03,0.03,0.44,0.25,14.29,0.07,11.55,111.1,9.6,5.27,48.9,0.6,0.06,0.0,0.06,0.0,2.35,1.14,4.13,0.44,1.27,9.39,5.08,54.1,3.55,2.28,64.3,51.92,45.83,88.3,15.11,12.57,83.2,0.06,0.0,0.0,0.25,26,40.0,DM,4.0
Senny Mayulu,Ligue 1,26,1681,0.21,0.22,-0.0,1.87,0.59,11.43,0.12,12.74,140.5,11.0,5.03,42.9,0.5,0.48,0.0,0.43,0.05,2.57,0.59,4.39,0.05,0.27,9.05,4.5,49.7,1.23,0.43,34.8,41.06,36.62,89.2,16.28,13.49,82.9,1.34,0.37,28.0,0.11,20,40.0,CM,5.0
Anthony Elanga,Premier League,32,1313,0.0,0.11,-0.11,1.17,0.27,0.0,0.1,11.72,155.8,13.3,7.68,104.4,0.9,0.41,0.0,0.41,0.07,0.96,0.21,2.19,0.0,0.41,8.09,3.56,44.1,2.4,0.89,37.1,29.2,23.58,80.8,13.85,10.56,76.2,4.66,0.75,16.2,0.21,24,40.0,W,4.0
Khéphren Thuram,Serie A,35,2453,0.11,0.11,-0.0,1.83,0.55,6.0,0.06,15.89,189.7,11.9,8.55,107.9,0.5,0.4,0.0,0.37,0.11,2.2,0.44,4.4,0.33,1.06,6.31,3.49,55.2,2.68,1.36,50.7,55.29,47.99,86.8,18.23,14.42,79.1,0.62,0.11,17.6,0.48,25,38.0,CM,3.0
Giorgio Scalvini,Serie A,24,1817,0.15,0.13,0.02,0.94,0.3,15.79,0.14,10.5,105.6,10.1,6.09,64.8,0.5,0.1,0.0,0.15,0.0,2.33,2.13,4.95,0.59,3.62,6.84,3.47,50.7,3.37,2.08,61.8,59.98,52.75,87.9,14.61,11.19,76.6,0.3,0.05,16.7,0.05,22,38.0,CB,2.0
Bruno Fernandes,Premier League,35,3066,0.26,0.32,-0.05,2.5,0.7,10.59,0.13,11.27,124.0,11.0,6.34,71.3,0.3,0.35,0.0,0.5,0.09,1.59,0.59,4.9,0.15,1.23,6.4,3.02,47.2,1.59,0.62,38.9,58.53,48.11,82.2,25.57,19.43,76.0,2.23,0.68,30.3,1.14,32,35.0,AM,1.0
Sven Botman,Premier League,25,1838,0.05,0.09,-0.04,0.73,0.2,6.67,0.12,12.63,116.4,9.2,5.97,44.9,0.4,0.0,0.0,0.05,0.0,1.08,1.32,4.31,1.27,6.9,3.13,2.15,68.8,6.61,4.26,64.4,58.27,50.78,87.1,4.21,2.01,47.7,0.1,0.0,0.0,0.0,26,35.0,CB,4.0
Alessandro Buongiorno,Serie A,33,2519,0.0,0.05,-0.05,0.29,0.11,0.0,0.18,13.36,128.8,9.6,6.18,58.4,0.3,0.0,0.0,0.0,0.0,1.18,1.43,4.11,0.39,4.04,4.36,2.11,48.4,4.11,2.68,65.2,66.06,60.1,91.0,8.29,6.22,75.0,0.21,0.07,33.3,0.04,27,35.0,CB,3.0
Jean-Philippe Mateta,Premier League,32,2222,0.49,0.59,-0.1,2.55,1.3,19.05,0.23,4.58,50.6,11.1,2.67,25.8,0.4,0.41,0.0,0.08,0.0,0.41,0.24,2.31,0.2,1.86,5.14,1.74,33.9,6.68,2.71,40.6,12.76,7.94,62.2,5.67,2.71,47.9,0.45,0.2,45.5,0.16,29,35.0,ST,1.0
Jeremie Frimpong,Premier League,21,1039,0.0,0.04,-0.04,0.87,0.17,0.0,0.05,13.51,166.0,12.3,9.79,118.3,1.0,0.0,0.0,0.69,0.09,0.95,0.52,4.5,0.0,1.13,8.75,4.33,49.5,1.47,0.61,41.2,38.2,32.31,84.6,16.46,13.6,82.6,4.42,0.95,21.6,0.0,25,35.0,FB,4.0
Jamie Gittens,Premier League,16,490,0.0,0.15,-0.15,1.84,0.37,0.0,0.08,14.33,188.0,13.1,7.35,85.9,2.1,0.73,0.0,1.1,0.37,1.47,0.37,2.76,0.18,0.55,9.0,5.33,59.2,1.84,0.55,30.0,27.37,21.67,79.2,12.49,9.0,72.1,2.39,0.55,23.1,0.37,22,35.0,W,6.0
Kiernan Dewsbury-Hall,Premier League,31,2635,0.27,0.15,0.13,1.33,0.51,20.51,0.11,10.21,121.9,11.9,5.46,67.7,0.4,0.27,0.07,0.38,0.07,1.78,0.41,4.58,0.14,0.96,8.37,4.3,51.4,1.57,0.72,45.7,35.04,28.9,82.5,16.46,12.57,76.3,1.78,0.34,19.2,0.31,28,35.0,CM,4.0
Lucas Bergvall,Premier League,23,966,0.09,0.13,-0.04,1.12,0.47,8.33,0.12,11.09,138.9,12.5,5.03,60.5,1.1,0.0,0.0,0.28,0.09,2.05,0.19,3.63,0.19,1.21,8.66,4.1,47.3,1.77,0.47,26.3,28.42,23.2,81.6,11.27,8.01,71.1,1.86,0.28,15.0,0.28,20,35.0,CM,5.0
Joshua Kimmich,Bundesliga,29,2280,0.08,0.1,-0.02,1.11,0.39,7.14,0.09,26.88,266.2,9.9,11.17,101.5,0.4,0.2,0.0,0.2,0.0,1.26,0.99,4.62,0.24,0.71,4.54,2.53,55.7,0.75,0.28,36.8,104.61,96.63,92.4,34.38,28.7,83.5,1.54,0.51,33.3,1.3,31,35.0,DM,3.0
Frenkie de Jong,La Liga,25,1631,0.06,0.06,-0.01,0.39,0.11,14.29,0.17,23.07,270.6,11.7,12.69,147.2,0.6,0.0,0.0,0.33,0.11,2.48,0.94,4.75,0.22,0.83,6.13,4.25,69.4,0.88,0.44,50.0,82.88,78.08,94.2,28.03,25.82,92.1,0.33,0.22,66.7,0.22,29,35.0,CM,3.0
Marc Pubill,La Liga,19,1382,0.07,0.06,0.01,0.72,0.26,9.09,0.08,14.59,156.3,10.7,7.88,86.3,0.7,0.13,0.0,0.13,0.0,1.63,1.3,3.91,0.98,5.54,4.36,2.8,64.2,4.95,3.84,77.6,59.52,52.42,88.1,8.08,5.14,63.7,0.52,0.13,25.0,0.26,23,35.0,CB,4.0
Fisnik Asllani,Bundesliga,33,2354,0.38,0.32,0.06,2.79,1.07,13.7,0.11,5.73,54.6,9.5,2.41,20.8,0.3,0.5,0.04,0.27,0.08,0.65,0.27,2.91,0.0,0.8,6.23,2.68,42.9,3.48,0.92,26.4,24.93,17.09,68.6,11.36,6.58,57.9,0.34,0.11,33.3,0.42,24,35.0,ST,3.0
Malo Gusto,Premier League,34,2267,0.08,0.06,0.02,0.48,0.24,16.67,0.13,12.39,129.9,10.5,6.39,51.7,0.3,0.12,0.0,0.36,0.04,2.1,1.23,4.84,0.08,1.55,6.15,3.41,55.5,1.31,0.6,45.5,50.18,43.55,86.8,15.05,12.23,81.3,2.3,0.48,20.7,0.36,23,35.0,FB,4.0
Marco Palestra,Serie A,37,3084,0.03,0.05,-0.02,0.85,0.2,3.45,0.06,12.72,157.3,12.4,8.46,101.5,0.4,0.38,0.0,0.61,0.06,1.61,0.58,3.39,0.09,1.23,11.06,6.8,61.5,1.08,0.44,40.5,25.3,21.54,85.1,5.98,4.76,79.5,3.18,0.79,24.8,0.03,21,35.0,FB,7.0
Finn Jeltsch,Bundesliga,23,1506,0.0,0.01,-0.01,0.18,0.0,0.0,0.05,18.71,209.2,11.2,7.95,90.8,0.7,0.0,0.0,0.3,0.06,1.43,1.14,4.78,0.84,4.12,4.54,2.69,59.2,3.47,1.73,50.0,62.39,56.65,90.8,9.74,7.53,77.3,0.18,0.0,0.0,0.06,20,35.0,CB,4.0
Kevin Schade,Premier League,35,2757,0.26,0.4,-0.14,1.86,0.78,14.04,0.21,7.12,96.8,13.6,4.7,60.6,0.4,0.39,0.1,0.29,0.03,1.34,0.59,3.07,0.1,1.01,8.42,3.36,39.9,5.65,2.84,50.3,17.2,11.65,67.7,7.67,4.73,61.7,0.69,0.13,19.1,0.13,24,35.0,W,2.0
Milos Kerkez,Premier League,34,2260,0.08,0.06,0.02,0.36,0.08,22.22,0.18,9.48,112.1,11.8,5.85,62.5,0.4,0.08,0.0,0.36,0.0,1.63,0.56,3.5,0.32,2.83,5.06,3.23,63.8,2.63,1.31,50.0,42.61,36.36,85.3,15.49,12.23,78.9,3.15,0.6,19.0,0.08,22,35.0,FB,4.0
Dávid Hancko,La Liga,30,2434,0.0,0.05,-0.05,0.78,0.18,0.0,0.06,12.24,130.8,10.7,7.84,84.6,0.4,0.04,0.0,0.11,0.04,1.59,0.7,3.18,0.41,3.73,3.88,2.03,52.4,2.74,1.55,56.8,53.58,46.96,87.7,12.57,9.06,72.1,1.07,0.11,10.3,0.07,28,35.0,CB,4.0
Destiny Udogie,Premier League,20,1340,0.0,0.01,-0.01,0.27,0.07,0.0,0.05,11.55,145.3,12.6,8.06,94.9,0.8,0.07,0.0,0.27,0.0,2.08,0.47,4.7,0.34,1.68,7.46,3.9,52.3,1.41,0.54,38.1,39.29,33.58,85.5,11.69,9.74,83.3,1.81,0.34,18.5,0.0,23,35.0,FB,4.0
Jacob Ramsey,Premier League,28,1444,0.12,0.07,0.05,1.0,0.25,12.5,0.07,13.59,164.2,12.1,6.36,64.6,0.6,0.06,0.0,0.44,0.0,2.56,0.56,5.3,0.25,0.62,7.67,4.36,56.9,1.31,0.56,42.9,44.07,39.58,89.8,15.46,12.84,83.1,0.56,0.25,44.4,0.25,25,35.0,CM,4.0
Matias Fernandez-Pardo,Ligue 1,29,2379,0.3,0.33,-0.03,2.57,1.13,11.76,0.13,12.75,167.6,13.1,8.02,96.2,0.5,0.98,0.08,0.49,0.11,0.76,0.26,1.97,0.04,0.11,7.79,3.63,46.6,1.25,0.15,12.1,23.49,19.22,81.8,13.66,10.59,77.6,1.74,0.34,19.6,0.11,21,35.0,ST,5.0
Gerard Martín,La Liga,32,2124,0.0,0.01,-0.01,0.3,0.17,0.0,0.03,18.01,171.1,9.5,10.34,96.8,0.4,0.13,0.0,0.08,0.0,1.69,1.23,3.05,0.34,4.7,3.47,2.25,64.6,2.67,1.82,68.3,82.46,75.38,91.4,14.53,11.99,82.5,0.59,0.08,14.3,0.0,24,35.0,CB,2.0
Dusan Vlahovic,Serie A,19,970,0.65,0.66,-0.01,4.55,1.67,14.29,0.14,4.64,46.1,9.9,2.51,19.5,0.7,0.56,0.0,0.0,0.0,0.28,0.19,0.74,0.19,0.37,5.1,2.23,43.6,5.01,2.32,46.3,16.24,11.32,69.7,8.26,5.29,64.0,0.37,0.19,50.0,0.19,26,35.0,ST,3.0
Oihan Sancet,La Liga,28,1803,0.2,0.32,-0.12,2.4,0.75,8.33,0.13,10.28,113.8,11.1,6.09,64.5,0.5,0.25,0.05,0.45,0.0,1.25,0.2,3.29,0.1,0.45,7.49,3.44,46.0,2.45,0.95,38.8,29.7,24.16,81.3,12.78,9.93,77.7,1.15,0.2,17.4,0.2,26,35.0,AM,6.0
Patrick Dorgu,Premier League,26,1445,0.25,0.15,0.1,1.62,0.75,15.38,0.09,10.9,132.0,12.1,6.98,79.5,0.7,0.69,0.06,0.56,0.06,2.99,0.93,4.8,0.19,1.99,11.96,6.54,54.7,5.11,2.74,53.7,31.45,23.92,76.0,12.08,8.28,68.6,3.55,0.93,26.3,0.19,21,35.0,W,4.0
Charles De Ketelaere,Serie A,31,2188,0.12,0.15,-0.03,1.89,0.66,6.52,0.08,17.73,211.7,11.9,10.24,116.5,0.5,0.53,0.04,1.32,0.12,0.99,0.16,5.02,0.08,0.62,10.49,4.48,42.7,3.66,1.73,47.2,41.87,32.91,78.6,24.19,18.1,74.8,1.85,0.66,35.6,0.41,25,35.0,AM,2.0
Curtis Jones,Premier League,34,1929,0.05,0.13,-0.08,1.07,0.33,4.35,0.12,22.07,223.4,10.1,9.52,71.3,0.3,0.19,0.0,0.23,0.05,1.87,0.84,6.72,0.28,1.35,7.6,4.25,55.8,1.77,0.51,28.9,76.84,70.4,91.6,25.71,22.4,87.1,0.7,0.05,6.7,0.61,25,35.0,CM,5.0
Dan Ndoye,Premier League,24,1176,0.08,0.08,-0.0,1.15,0.31,6.67,0.07,13.01,172.6,13.3,7.88,101.5,1.0,0.46,0.0,0.69,0.0,1.76,0.77,3.83,0.15,0.92,9.49,4.44,46.8,1.91,0.84,44.0,21.58,16.91,78.4,10.1,7.58,75.0,2.91,0.61,21.1,0.08,25,35.0,W,4.0
Ferdi Kadioglu,Premier League,37,3134,0.03,0.06,-0.03,0.8,0.37,3.57,0.07,10.65,137.8,12.9,6.23,79.7,0.4,0.14,0.0,0.03,0.0,1.64,0.75,3.73,0.14,2.33,5.4,2.99,55.3,1.84,0.92,50.0,39.26,33.6,85.6,13.87,11.49,82.8,2.33,0.49,21.0,0.06,26,35.0,FB,2.0
Tarik Muharemovic,Serie A,32,2835,0.06,0.05,0.01,0.63,0.19,10.0,0.08,11.49,110.9,9.7,5.43,51.0,0.3,0.1,0.0,0.03,0.0,1.4,1.43,2.89,0.98,7.05,3.3,2.13,64.4,3.3,2.13,64.4,52.35,44.86,85.7,7.52,3.97,52.7,0.06,0.0,0.0,0.13,23,35.0,CB,5.0
Estéban Lepaul,Ligue 1,34,2702,0.7,0.52,0.18,2.9,1.3,24.14,0.18,4.53,52.2,11.5,2.46,23.7,0.3,0.47,0.03,0.2,0.0,0.23,0.07,1.9,0.0,0.57,3.0,1.0,33.3,3.23,1.43,44.3,17.29,13.39,77.5,5.63,3.73,66.3,0.63,0.13,21.1,0.07,26,35.0,ST,4.0
Mikel Jauregizar,La Liga,36,2843,0.06,0.06,0.01,1.23,0.35,5.13,0.05,8.52,76.8,9.0,3.64,33.4,0.3,0.09,0.06,0.09,0.0,2.15,1.46,5.44,0.09,0.85,8.14,3.55,43.6,2.56,1.46,56.8,42.55,34.22,80.4,15.64,11.11,71.0,1.39,0.19,13.6,0.13,22,35.0,CM,5.0
Archie Gray,Premier League,24,1479,0.12,0.09,0.03,0.67,0.3,18.18,0.13,9.01,102.2,11.3,4.44,44.1,0.6,0.06,0.0,0.18,0.12,0.67,1.03,3.47,0.24,2.68,3.59,1.22,33.9,1.52,0.55,36.0,32.8,27.26,83.1,9.07,6.57,72.5,0.73,0.24,33.3,0.12,20,35.0,FB,4.0
Liam Delap,Premier League,28,1102,0.08,0.37,-0.28,2.94,0.9,2.78,0.12,6.86,75.2,11.0,3.92,42.8,0.9,0.49,0.0,0.0,0.0,0.41,0.08,2.04,0.0,0.9,7.51,2.78,37.0,4.82,2.04,42.4,15.44,10.78,69.8,7.6,4.74,62.4,0.49,0.0,0.0,0.16,23,32.0,ST,5.0
Konrad Laimer,Bundesliga,29,1997,0.14,0.11,0.03,0.77,0.36,17.65,0.14,14.47,147.7,10.2,9.24,93.4,0.5,0.14,0.05,0.59,0.0,2.07,0.77,4.06,0.27,1.35,7.17,3.11,43.4,1.85,0.68,36.6,62.1,55.93,90.1,26.59,23.39,88.0,1.71,0.54,31.6,0.27,29,32.0,FB,3.0
Sepp van den Berg,Premier League,32,2761,0.0,0.1,-0.1,0.75,0.23,0.0,0.14,8.83,99.9,11.3,5.31,54.3,0.3,0.03,0.0,0.0,0.0,0.75,0.95,3.55,0.72,6.36,1.96,1.14,58.3,6.88,4.56,66.4,46.35,41.04,88.5,5.31,3.23,60.7,0.0,0.0,0.0,0.03,24,32.0,CB,3.0
Loïs Openda,Serie A,24,654,0.14,0.49,-0.35,3.58,0.83,3.85,0.14,7.84,100.6,12.8,4.68,58.9,1.7,0.69,0.0,0.28,0.0,0.83,0.14,1.65,0.14,0.41,7.02,4.13,58.8,3.85,1.1,28.6,20.78,15.14,72.8,11.28,7.02,62.2,0.96,0.14,14.3,0.14,26,32.0,ST,1.0
Hugo Larsson,Bundesliga,25,1820,0.1,0.07,0.03,0.64,0.3,15.38,0.11,8.11,85.9,10.6,3.66,30.9,0.4,0.2,0.0,0.15,0.0,0.94,1.53,3.76,0.25,1.93,2.62,1.24,47.2,1.04,0.45,42.9,50.88,44.16,86.8,12.31,9.35,75.9,0.45,0.2,44.4,0.1,22,32.0,CM,1.0
Antonio Nusa,Bundesliga,31,2035,0.18,0.19,-0.02,2.7,0.88,6.56,0.07,18.53,233.5,12.6,10.0,124.7,0.6,1.55,0.09,0.93,0.13,1.15,0.44,4.33,0.0,0.31,12.21,6.99,57.2,1.02,0.22,21.7,26.18,20.7,79.0,13.58,9.51,70.0,2.65,0.53,20.0,0.75,21,32.0,W,3.0
Pierre Kalulu,Serie A,37,3282,0.05,0.05,0.01,0.36,0.11,15.38,0.13,13.68,153.8,11.2,7.1,76.1,0.3,0.03,0.0,0.19,0.03,1.7,0.66,4.33,0.22,1.7,4.06,2.3,56.8,2.06,0.96,46.7,60.25,53.53,88.8,15.9,13.03,81.9,2.58,0.6,23.4,0.08,26,32.0,CB,3.0
Harvey Barnes,Premier League,37,1961,0.32,0.32,-0.0,2.66,0.96,12.07,0.12,13.08,156.1,11.9,7.39,86.5,0.5,0.55,0.0,0.23,0.05,0.6,0.14,3.07,0.05,0.73,6.1,2.25,36.8,1.06,0.32,30.4,26.85,21.66,80.7,14.59,11.2,76.7,3.4,0.69,20.3,0.09,28,32.0,W,
Conor Gallagher,La Liga / Premier League,35,1855,0.1481132075471698,0.1050943396226415,0.0366037735849056,1.1633962264150943,0.4362264150943396,11.34490566037736,0.0964150943396226,10.047358490566037,105.5132075471698,10.513207547169811,4.271132075471699,31.93584905660377,0.7867924528301887,0.1469811320754717,0.050188679245283,0.1977358490566037,0.0513207547169811,1.940754716981132,1.4066037735849055,5.240377358490566,0.3394339622641509,0.5324528301886793,9.27,4.170188679245283,45.51320754716981,1.990943396226415,0.9201886792452832,45.01509433962264,42.84207547169812,37.26169811320754,86.70754716981132,12.518113207547168,10.241509433962264,81.7433962264151,1.650377358490566,0.3388679245283019,20.00566037735849,0.050188679245283,26,32.0,CM,5.0
Gonzalo García,La Liga,30,952,0.57,0.51,0.06,1.99,1.04,28.57,0.26,6.24,63.0,10.1,2.65,15.1,0.5,0.57,0.09,0.38,0.0,1.04,0.28,2.17,0.0,0.85,5.11,1.8,35.2,3.59,1.99,55.3,22.78,19.38,85.1,7.47,5.86,78.5,0.28,0.0,0.0,0.19,22,30.0,ST,5.0
Honest Ahanor,Serie A,22,1374,0.0,0.13,-0.13,0.85,0.26,0.0,0.15,9.04,92.1,10.2,4.59,39.4,0.6,0.07,0.0,0.0,0.0,2.36,1.51,3.08,0.66,3.21,7.27,4.52,62.2,3.93,2.16,55.0,46.77,41.92,89.6,7.6,6.35,83.6,0.13,0.07,50.0,0.0,18,30.0,CB,1.0
Georginio Rutter,Premier League,32,1790,0.15,0.15,-0.0,2.11,0.7,7.14,0.07,10.81,129.0,11.9,6.74,81.5,0.6,0.5,0.0,0.25,0.1,1.61,0.55,3.02,0.05,1.31,11.72,4.73,40.3,2.51,0.96,38.0,21.92,15.23,69.5,11.41,7.64,67.0,1.06,0.15,14.3,0.4,24,30.0,ST,2.0
Ethan Ampadu,Premier League,35,3123,0.03,0.07,-0.04,0.75,0.17,3.85,0.1,10.32,111.0,10.8,4.47,42.0,0.3,0.09,0.0,0.06,0.0,2.33,1.44,5.24,0.49,2.39,5.94,3.66,61.6,2.56,1.64,64.0,49.88,42.71,85.6,10.84,8.16,75.3,0.75,0.29,38.5,0.17,26,30.0,DM,4.0
Diogo Dalot,Premier League,34,2616,0.03,0.07,-0.03,0.83,0.21,4.17,0.08,8.36,95.3,11.4,4.71,51.0,0.4,0.24,0.0,0.34,0.03,1.82,0.93,4.64,0.31,3.17,5.3,2.86,53.9,2.51,1.79,71.2,38.94,33.1,85.0,11.94,9.29,77.8,1.96,0.58,29.8,0.1,27,30.0,FB,2.0
Matthijs de Ligt,Premier League,13,1170,0.08,0.11,-0.04,0.85,0.23,9.09,0.13,8.46,68.5,8.1,3.62,26.2,0.6,0.08,0.0,0.08,0.0,1.46,1.15,3.08,0.46,5.23,2.85,1.85,64.9,6.23,3.85,61.7,47.08,41.31,87.8,4.54,2.69,59.3,0.38,0.31,80.0,0.15,27,30.0,CB,3.0
Mason Mount,Premier League,23,1018,0.27,0.13,0.13,1.68,0.44,15.79,0.08,7.16,74.6,10.4,3.62,34.6,0.8,0.27,0.0,0.18,0.0,2.12,0.8,5.3,0.09,0.8,8.31,3.8,45.7,1.86,0.62,33.3,37.93,30.94,81.6,15.91,12.91,81.1,1.15,0.0,0.0,0.62,27,30.0,AM,2.0
Niccolò Pisilli,Serie A,25,1284,0.14,0.12,0.02,1.33,0.35,10.53,0.09,13.81,142.1,10.3,6.66,76.5,0.8,0.35,0.0,0.35,0.07,1.89,1.68,5.33,0.07,1.05,7.99,2.73,34.2,2.59,0.91,35.1,56.92,49.0,86.1,16.75,12.97,77.4,0.49,0.07,14.3,0.28,21,30.0,CM,3.0
Ian Maatsen,Premier League,30,1599,0.0,0.07,-0.07,1.13,0.28,0.0,0.06,12.95,154.5,11.9,7.94,81.4,0.6,0.0,0.0,0.34,0.0,2.42,1.07,4.62,0.06,3.6,9.96,4.67,46.9,1.69,1.01,60.0,40.24,34.62,86.0,14.35,11.59,80.8,2.7,0.51,18.8,0.0,24,30.0,FB,4.0
Gavi,La Liga,11,574,0.0,0.0,0.0,0.0,0.0,0.0,0.0,15.05,136.8,9.1,3.61,5.0,0.2,0.0,0.0,0.16,0.0,2.67,0.47,4.08,0.31,1.1,9.41,4.7,50.0,2.82,1.88,66.7,64.29,59.43,92.4,17.25,15.37,89.1,0.31,0.0,0.0,0.16,22,30.0,CM,4.0
Mikkel Damsgaard,Premier League,33,2057,0.18,0.11,0.06,1.27,0.48,13.79,0.09,11.2,119.3,10.7,6.56,66.5,0.4,0.35,0.04,0.44,0.04,2.49,1.09,6.08,0.18,0.7,9.84,4.24,43.1,2.01,0.83,41.3,41.61,31.76,76.3,19.69,13.52,68.7,1.97,0.53,26.7,0.61,26,30.0,AM,4.0
Jesús Rodríguez,Serie A,31,1734,0.1,0.21,-0.1,2.34,0.62,4.44,0.09,18.11,227.9,12.6,11.06,122.3,0.6,1.25,0.05,1.25,0.36,1.35,0.26,3.58,0.0,0.52,11.26,5.14,45.6,1.35,0.67,50.0,23.67,18.84,79.6,11.94,8.62,72.2,2.65,0.26,9.8,0.1,20,30.0,W,4.0
Jonathan Burkardt,Bundesliga,22,1340,0.87,0.83,0.04,2.75,1.41,31.71,0.3,3.69,38.7,10.5,1.88,18.3,0.7,0.27,0.2,0.0,0.0,0.54,0.07,1.48,0.0,0.74,4.5,1.95,43.3,3.69,0.74,20.0,13.84,10.14,73.3,5.98,4.1,68.5,0.34,0.07,20.0,0.0,26,30.0,ST,4.0
Víctor Muñoz,La Liga,34,2668,0.2,0.2,0.0,2.73,1.05,7.41,0.07,15.65,229.4,14.7,10.73,163.9,0.5,0.98,0.03,0.44,0.0,0.74,0.3,3.24,0.0,0.67,11.98,5.06,42.3,1.62,0.57,35.4,21.02,16.97,80.7,9.92,7.46,75.2,3.47,0.74,21.4,0.03,23,30.0,W,6.0
Yéremy Pino,Premier League,34,2091,0.09,0.19,-0.11,1.94,0.47,4.44,0.1,8.91,95.2,10.7,4.69,48.3,0.4,0.26,0.0,0.56,0.0,1.55,0.39,4.35,0.04,0.9,8.44,3.36,39.8,2.63,0.95,36.1,35.77,26.69,74.6,15.8,9.94,62.9,1.33,0.17,12.9,0.82,23,30.0,W,4.0
Tyler Morton,Ligue 1,29,2524,0.07,0.06,0.01,1.0,0.29,7.14,0.06,14.8,167.6,11.3,7.17,69.4,0.3,0.11,0.0,0.07,0.04,1.71,0.78,4.56,0.46,1.5,4.99,2.89,57.9,1.43,0.61,42.5,54.06,47.46,87.8,15.37,11.59,75.4,0.61,0.14,23.5,0.32,23,30.0,DM,4.0
Jacobo Ramón,Serie A,32,2743,0.07,0.15,-0.08,1.28,0.3,5.13,0.12,15.26,151.2,9.9,9.52,93.2,0.3,0.07,0.0,0.03,0.0,1.64,1.21,3.81,0.56,4.0,4.27,2.26,53.1,5.55,3.71,66.9,69.59,63.59,91.4,9.94,8.1,81.5,0.33,0.07,20.0,0.03,21,30.0,CB,4.0
Thierno Barry,Premier League,38,1915,0.38,0.38,-0.01,1.79,0.66,21.05,0.21,4.18,51.3,12.3,2.54,30.6,0.6,0.28,0.05,0.23,0.0,0.28,0.23,1.64,0.19,1.17,5.45,1.08,19.8,13.35,6.11,45.8,17.01,10.29,60.5,7.99,4.23,52.9,0.19,0.05,25.0,0.09,23,30.0,ST,3.0
Adrien Truffert,Premier League,38,3380,0.03,0.04,-0.01,0.43,0.16,6.25,0.09,11.72,130.8,11.2,7.43,84.0,0.3,0.08,0.0,0.19,0.03,2.74,1.28,5.01,0.27,3.81,8.01,4.47,55.8,2.61,1.17,44.9,41.54,34.67,83.5,12.36,9.8,79.3,3.75,0.85,22.7,0.0,24,30.0,FB,4.0
Mario Gila,Serie A,31,2481,0.0,0.05,-0.05,0.44,0.11,0.0,0.12,16.51,173.6,10.5,7.73,72.5,0.3,0.0,0.0,0.11,0.0,1.67,0.91,4.86,0.58,3.99,4.1,2.76,67.3,3.26,2.1,64.4,66.02,59.85,90.7,7.29,4.97,68.2,0.04,0.04,100.0,0.07,26,30.0,CB,5.0
Georges Mikautadze,La Liga,32,2117,0.55,0.49,0.07,2.76,1.36,20.0,0.18,6.59,77.8,11.8,3.53,44.1,0.5,0.43,0.09,0.47,0.17,0.26,0.21,1.7,0.04,0.26,6.89,3.53,51.2,1.83,0.43,23.3,17.01,12.84,75.5,8.08,5.65,70.0,0.43,0.09,20.0,0.26,25,30.0,ST,5.0
Nathan Collins,Premier League,35,2972,0.03,0.07,-0.04,0.61,0.18,5.0,0.11,11.51,131.7,11.4,6.6,81.6,0.4,0.03,0.0,0.03,0.0,0.94,1.12,4.21,1.21,6.33,2.91,1.67,57.3,4.91,2.7,54.9,53.09,44.12,83.1,7.78,3.82,49.0,0.03,0.03,100.0,0.0,25,30.0,CB,3.0
Fabián Ruiz,Ligue 1,20,1129,0.08,0.11,-0.03,1.51,0.32,5.26,0.07,21.12,212.6,10.1,9.88,83.1,0.7,0.16,0.0,0.16,0.08,1.36,1.12,3.91,0.0,0.56,3.67,1.75,47.8,0.24,0.16,66.7,96.62,89.44,92.6,34.12,29.73,87.2,1.83,0.08,4.3,0.4,30,30.0,CM,2.0
Renato Veiga,La Liga,32,2478,0.0,0.01,-0.01,0.33,0.11,0.0,0.03,11.44,122.4,10.7,6.68,70.7,0.4,0.11,0.0,0.0,0.0,0.69,0.84,3.16,1.09,5.67,2.29,0.91,39.7,2.8,1.78,63.6,56.08,49.58,88.4,7.45,4.79,64.4,0.07,0.0,0.0,0.11,23,30.0,CB,6.0
Nikola Krstovic,Serie A,33,1786,0.5,0.71,-0.2,4.99,1.71,10.1,0.14,8.42,86.8,10.3,3.98,34.6,0.4,1.11,0.1,0.35,0.05,0.76,0.15,3.33,0.15,0.76,6.95,2.92,42.0,6.5,3.02,46.5,25.2,18.59,73.8,13.51,8.97,66.4,0.25,0.05,20.0,0.0,26,30.0,ST,4.0
Callum Hudson-Odoi,Premier League,30,1844,0.15,0.14,0.01,1.46,0.49,10.0,0.09,17.03,217.3,12.8,9.71,117.3,0.6,0.83,0.1,1.27,0.0,0.68,0.39,3.32,0.1,0.68,6.1,2.73,44.8,0.59,0.15,25.0,32.07,28.6,89.2,18.16,16.06,88.4,4.25,0.59,13.8,0.05,25,30.0,W,2.0
Rio Ngumoha,Premier League,19,551,0.33,0.21,0.11,2.61,0.98,12.5,0.08,25.15,306.8,12.2,13.72,149.8,1.8,1.31,0.16,1.8,0.16,0.65,0.49,3.1,0.16,0.49,12.9,7.51,58.2,0.82,0.0,0.0,31.36,27.28,87.0,20.91,17.97,85.9,3.43,1.14,33.3,0.0,18,30.0,W,2.0
Oscar Bobb,Premier League,23,1037,0.0,0.13,-0.13,1.04,0.26,0.0,0.12,10.5,125.4,11.9,5.9,70.2,1.0,0.35,0.0,0.69,0.09,1.82,0.78,3.65,0.0,0.26,10.5,5.64,53.7,1.13,0.52,46.2,34.8,29.86,85.8,16.92,14.23,84.1,0.78,0.26,33.3,0.17,23,30.0,W,5.0
Omari Hutchinson,Premier League,31,1684,0.05,0.1,-0.05,1.34,0.59,4.0,0.08,16.3,197.8,12.1,8.82,93.8,0.6,0.59,0.0,0.69,0.16,1.18,0.64,4.65,0.0,0.43,10.37,4.6,44.3,1.55,0.27,17.2,28.75,23.89,83.1,12.93,10.15,78.5,5.02,1.18,23.4,0.16,22,30.0,W,1.0
Jarrod Bowen,Premier League,38,3405,0.24,0.19,0.05,2.09,0.74,11.39,0.09,10.44,138.1,13.2,7.11,89.5,0.3,0.71,0.05,0.48,0.11,1.32,0.71,4.2,0.16,1.03,8.91,4.02,45.1,2.38,0.87,36.7,20.96,15.46,73.8,10.1,6.63,65.7,2.38,0.34,14.4,0.16,29,30.0,W,4.0
Francisco Conceição,Serie A,31,2098,0.13,0.33,-0.2,3.13,0.99,4.11,0.11,21.92,264.5,12.1,11.11,120.9,0.5,1.29,0.04,0.94,0.17,1.46,0.3,4.2,0.04,0.17,10.64,5.49,51.6,0.69,0.09,12.5,36.42,31.79,87.3,17.42,14.29,82.0,2.96,0.64,21.7,0.09,23,30.0,W,4.0
Malick Fofana,Ligue 1,12,751,0.24,0.33,-0.09,2.28,1.08,10.53,0.14,13.18,160.8,12.2,7.91,87.9,1.3,0.6,0.0,0.48,0.0,1.32,0.36,2.4,0.0,0.24,8.39,4.79,57.1,0.48,0.0,0.0,26.6,21.45,80.6,11.86,9.35,78.8,3.24,0.96,29.6,0.24,21,30.0,W,5.0
Marc Bernal,La Liga,22,787,0.23,0.12,0.11,0.8,0.23,28.57,0.15,15.55,133.8,8.6,5.6,49.6,1.0,0.11,0.0,0.0,0.0,2.97,1.37,3.32,0.23,2.17,9.49,5.49,57.8,3.55,1.72,48.4,67.47,62.1,92.0,14.87,12.35,83.1,0.11,0.0,0.0,0.11,19,30.0,CM,3.0
Leon Avdullahu,Bundesliga,33,2838,0.0,0.02,-0.02,0.44,0.06,0.0,0.04,11.61,119.5,10.3,4.98,34.5,0.2,0.03,0.0,0.13,0.0,1.49,1.08,5.45,0.16,1.46,4.88,2.12,43.5,1.81,1.01,56.1,64.82,58.32,90.0,15.03,11.99,79.8,0.41,0.06,15.4,0.13,22,30.0,DM,5.0
Ayden Heaven,Premier League,17,923,0.0,0.03,-0.03,0.29,0.0,0.0,0.12,12.68,128.0,10.1,5.66,55.2,1.0,0.0,0.0,0.1,0.0,2.15,0.1,3.9,1.07,5.85,5.07,3.61,71.2,2.73,1.76,64.3,48.17,43.59,90.5,4.49,3.22,71.7,0.1,0.0,0.0,0.1,19,30.0,CB,3.0
Ben White,Premier League,12,704,0.0,0.06,-0.06,0.64,0.13,0.0,0.09,6.9,77.4,11.2,3.96,40.6,1.3,0.13,0.0,0.38,0.13,1.92,1.15,3.58,0.51,3.2,5.11,3.07,60.0,3.45,1.53,44.4,45.26,36.95,81.6,18.92,14.83,78.4,2.05,0.38,18.8,0.38,28,30.0,FB,2.0
Justin Kluivert,Premier League,20,951,0.19,0.22,-0.03,1.61,0.38,11.76,0.14,10.13,123.4,12.2,4.83,65.1,1.3,0.38,0.09,0.66,0.0,0.95,0.38,4.35,0.19,0.19,8.23,2.93,35.6,2.74,0.57,20.7,32.65,26.5,81.2,16.37,12.87,78.6,1.99,0.47,23.8,0.38,27,30.0,AM,2.0
Bafodé Diakité,Premier League,18,1275,0.0,0.0,-0.0,0.07,0.0,0.0,0.02,10.94,107.3,9.8,7.2,69.2,0.7,0.0,0.0,0.0,0.0,1.41,0.85,3.39,0.35,5.86,2.82,1.76,62.5,5.01,2.47,49.3,52.87,46.52,88.0,8.4,6.0,71.4,0.07,0.0,0.0,0.07,25,30.0,CB,4.0
Ardon Jashari,Serie A,14,700,0.0,0.03,-0.03,0.9,0.26,0.0,0.03,16.59,172.4,10.4,7.97,75.8,1.2,0.26,0.0,0.39,0.0,1.8,0.64,5.14,0.13,0.9,7.71,3.6,46.7,1.16,0.26,22.2,55.93,50.91,91.0,15.94,13.24,83.1,0.77,0.26,33.3,0.13,24,30.0,DM,4.0
Brennan Johnson,Premier League,34,1722,0.1,0.13,-0.02,1.2,0.26,8.7,0.11,6.85,86.8,12.7,3.97,50.4,0.7,0.31,0.05,0.26,0.0,1.52,0.21,2.93,0.05,1.67,6.06,2.67,44.0,1.67,0.84,50.0,19.97,13.17,66.0,9.2,5.07,55.1,2.35,0.42,17.8,0.1,25,30.0,W,4.0
Anton Stach,Premier League,29,2378,0.19,0.11,0.08,2.08,0.53,9.09,0.05,8.86,102.5,11.6,4.73,51.3,0.4,0.38,0.04,0.42,0.04,2.46,0.76,4.5,0.34,1.97,8.14,4.05,49.8,2.91,1.82,62.3,35.54,27.48,77.3,13.51,9.46,70.0,1.4,0.49,35.1,0.08,27,28.0,DM,3.0
Brajan Gruda,Bundesliga / Premier League,31,1470,0.2481292517006802,0.3175850340136054,-0.0694557823129251,2.323299319727892,0.9808503401360544,10.045544217687077,0.1356802721088435,14.69578231292517,184.556462585034,12.567687074829932,8.508775510204083,99.76530612244898,1.4540816326530612,0.7978231292517008,0.0,1.0410204081632652,0.2481292517006802,1.3439795918367348,0.1215986394557823,5.019727891156463,0.0,0.4297619047619048,12.12095238095238,5.449353741496599,45.54115646258504,1.590578231292517,0.799421768707483,52.46394557823129,31.10187074829932,24.368639455782315,78.35408163265306,15.73326530612245,11.633027210884354,73.93537414965986,1.3473809523809523,0.4297619047619048,31.013945578231294,0.3064965986394558,22,28.0,AM,1.0
Jonathan Rowe,Serie A,28,1611,0.17,0.22,-0.06,2.68,0.95,6.25,0.08,15.2,192.8,12.7,7.32,83.7,0.6,1.4,0.0,0.56,0.0,1.17,0.45,3.69,0.0,0.17,12.4,6.65,53.6,2.46,0.89,36.4,21.68,17.54,80.9,10.84,7.93,73.2,2.91,0.67,23.1,0.17,23,28.0,W,1.0
Jonathan Tah,Bundesliga,28,2019,0.09,0.03,0.06,0.36,0.22,25.0,0.07,16.94,166.8,9.8,8.69,86.4,0.4,0.0,0.0,0.09,0.0,1.07,1.16,4.01,0.94,5.53,3.03,1.47,48.5,2.72,1.92,70.5,84.56,81.44,96.3,11.32,10.07,89.0,0.04,0.0,0.0,0.04,30,28.0,CB,3.0
Karim Coulibaly,Bundesliga,27,2122,0.04,0.03,0.01,0.25,0.04,16.67,0.11,13.87,128.4,9.3,5.98,50.6,0.4,0.0,0.0,0.08,0.0,1.15,0.98,2.8,0.72,4.54,3.48,1.87,53.7,3.35,1.53,45.6,60.95,52.85,86.7,7.51,5.05,67.2,0.55,0.13,23.1,0.0,19,28.0,CB,5.0
Dilane Bakwa,Premier League,14,552,0.0,0.09,-0.09,1.47,0.49,0.0,0.06,15.65,179.0,11.4,8.8,87.5,1.6,0.65,0.0,0.49,0.16,0.65,0.0,4.57,0.16,0.33,9.62,4.24,44.1,0.82,0.16,20.0,31.96,25.27,79.1,14.51,10.92,75.3,4.57,0.98,21.4,0.33,24,28.0,W,1.0
Christopher Nkunku,Serie A,32,1351,0.47,0.63,-0.17,1.93,1.07,24.14,0.33,7.53,80.2,10.7,3.2,25.9,0.5,0.47,0.0,0.13,0.13,0.33,0.2,2.13,0.07,0.53,4.86,2.4,49.3,2.73,0.93,34.1,22.78,20.12,88.3,9.86,8.46,85.8,0.4,0.13,33.3,0.13,28,28.0,ST,1.0
Nikola Milenkovic,Premier League,38,3375,0.0,0.02,-0.02,0.43,0.03,0.0,0.05,6.43,62.9,9.8,3.28,32.4,0.3,0.03,0.0,0.03,0.0,0.83,0.77,2.88,0.96,5.81,2.29,1.44,62.8,3.41,2.37,69.5,41.04,35.55,86.6,5.41,3.25,60.1,0.05,0.0,0.0,0.03,28,28.0,CB,3.0
Neco Williams,Premier League,37,3206,0.06,0.06,0.0,1.29,0.53,4.35,0.04,11.03,123.9,11.2,6.26,68.9,0.3,0.2,0.0,0.2,0.0,2.69,1.32,4.6,0.48,2.47,8.65,4.97,57.5,2.19,1.09,50.0,37.2,30.43,81.8,11.9,8.59,72.2,3.4,0.65,19.0,0.0,25,28.0,FB,4.0
Matteo Ruggeri,La Liga,26,1775,0.0,0.01,-0.01,0.25,0.1,0.0,0.03,8.26,90.1,10.9,5.12,50.0,0.5,0.05,0.0,0.2,0.0,1.83,1.01,4.97,0.15,3.3,5.68,2.18,38.4,2.23,1.32,59.1,45.18,39.19,86.8,15.57,12.98,83.4,4.41,1.42,32.2,0.15,24,28.0,FB,
Wesley Fofana,Premier League,25,1726,0.0,0.04,-0.04,0.42,0.05,0.0,0.09,14.6,145.4,10.0,6.41,61.9,0.5,0.0,0.0,0.05,0.05,0.99,2.09,4.22,0.99,6.73,4.43,2.35,52.9,5.37,3.6,67.0,65.34,60.17,92.1,7.51,6.26,83.3,0.1,0.05,50.0,0.0,25,28.0,CB,3.0
Assan Ouédraogo,Bundesliga,19,954,0.38,0.23,0.15,2.55,1.23,14.81,0.09,10.66,128.2,12.0,6.13,79.5,1.2,0.57,0.09,0.57,0.09,0.75,0.28,4.91,0.28,1.04,8.02,4.15,51.8,1.23,0.57,46.2,28.02,23.3,83.2,10.66,8.3,77.9,0.38,0.09,25.0,0.0,20,28.0,CM,3.0
William Osula,Premier League,24,811,0.78,0.48,0.3,2.55,1.33,30.43,0.19,6.88,90.2,13.1,4.0,54.0,1.5,1.0,0.11,0.22,0.0,0.67,0.11,2.55,0.11,0.0,8.32,3.33,40.0,4.11,1.0,24.3,8.99,7.21,80.3,3.66,2.66,72.7,0.33,0.22,66.7,0.0,23,28.0,ST,3.0
Jaydee Canvot,Premier League,20,1334,0.0,0.1,-0.1,0.47,0.07,0.0,0.21,10.46,119.3,11.4,6.75,79.8,0.8,0.0,0.0,0.07,0.0,2.63,0.81,3.64,0.88,6.95,5.73,3.24,56.5,3.78,2.5,66.1,51.61,45.54,88.2,10.12,8.03,79.3,0.34,0.0,0.0,0.07,20,28.0,CB,3.0
Enzo Le Fée,Premier League,36,2934,0.15,0.16,-0.0,1.1,0.37,13.89,0.14,9.6,98.2,10.2,4.29,33.6,0.2,0.31,0.0,0.15,0.0,2.73,0.89,4.72,0.37,1.1,8.37,4.26,50.9,2.12,0.55,26.1,34.14,27.79,81.4,12.73,9.23,72.5,1.35,0.28,20.4,0.49,26,28.0,CM,3.0
Maxime Estève,Premier League,34,2937,0.0,0.02,-0.02,0.31,0.03,0.0,0.07,6.37,67.3,10.6,3.77,40.8,0.3,0.0,0.0,0.0,0.0,1.35,1.13,3.49,0.98,6.77,2.82,1.81,64.1,3.62,2.45,67.8,41.28,35.85,86.9,4.78,2.82,59.0,0.18,0.06,33.3,0.0,24,28.0,CB,5.0
Dominic Solanke,Premier League,15,1000,0.27,0.22,0.05,1.8,0.99,15.0,0.12,6.84,83.9,12.3,3.24,30.4,0.8,0.63,0.09,0.09,0.0,1.98,0.27,3.06,0.18,0.99,7.74,3.96,51.2,5.49,1.8,32.8,14.22,10.53,74.0,6.84,4.95,72.4,0.18,0.0,0.0,0.0,29,28.0,ST,4.0
Jack Hinshelwood,Premier League,27,1750,0.21,0.25,-0.05,1.9,0.77,10.81,0.13,7.82,81.1,10.4,4.17,39.7,0.5,0.1,0.05,0.05,0.0,0.98,0.26,3.14,0.21,1.29,4.78,1.75,36.6,1.8,0.62,34.3,32.5,26.85,82.6,10.7,7.71,72.1,0.36,0.0,0.0,0.21,21,28.0,DM,3.0
Mattéo Guendouzi,Serie A,16,1430,0.13,0.08,0.04,1.01,0.5,12.5,0.08,10.89,107.0,9.8,3.97,28.8,0.5,0.0,0.0,0.19,0.0,0.88,0.69,3.9,0.38,0.88,5.41,2.71,50.0,0.69,0.38,54.5,46.26,40.53,87.6,14.98,12.15,81.1,1.26,0.44,35.0,0.25,27,27.0,CM,4.0
Manuel Locatelli,Serie A,36,3004,0.03,0.08,-0.05,1.38,0.36,2.17,0.06,16.12,154.6,9.6,8.09,80.5,0.3,0.06,0.0,0.3,0.0,3.06,1.17,5.39,0.66,2.25,7.52,4.58,61.0,2.01,1.11,55.2,84.04,74.09,88.2,28.16,23.04,81.8,0.42,0.03,7.1,0.33,28,25.0,DM,4.0
Marcus Tavernier,Premier League,34,2738,0.23,0.3,-0.07,2.3,0.79,10.0,0.13,13.77,161.2,11.7,6.77,77.2,0.4,0.72,0.0,0.62,0.0,1.31,0.56,4.93,0.2,1.28,8.45,3.75,44.4,2.04,0.79,38.7,37.08,31.0,83.6,17.59,13.94,79.3,2.2,0.3,13.4,0.36,27,25.0,W,3.0
Albian Hajdari,Bundesliga,30,2440,0.04,0.06,-0.03,0.7,0.15,5.26,0.09,11.14,107.4,9.6,5.2,49.8,0.4,0.04,0.0,0.0,0.0,2.14,1.55,3.87,0.81,6.09,5.5,3.02,55.0,3.95,2.03,51.4,57.91,47.95,82.8,12.06,6.42,53.2,0.74,0.11,15.0,0.15,23,25.0,CB,5.0
Quinten Timber,Ligue 1,15,1111,0.0,0.08,-0.08,0.81,0.16,0.0,0.1,12.07,117.0,9.7,5.99,61.0,0.8,0.16,0.0,0.08,0.0,2.51,0.65,3.65,0.0,0.41,10.37,5.43,52.3,0.32,0.16,50.0,39.29,33.78,86.0,14.99,11.1,74.0,0.49,0.08,16.7,0.41,25,25.0,CM,5.0
Robin Le Normand,La Liga,28,1783,0.05,0.03,0.02,0.3,0.05,16.67,0.1,12.57,126.4,10.1,6.31,59.2,0.5,0.0,0.0,0.0,0.0,1.77,1.01,2.83,0.35,4.95,4.14,2.47,59.8,3.84,2.57,67.1,52.85,47.3,89.5,5.8,4.09,70.4,0.15,0.05,33.3,0.0,29,25.0,CB,3.0
Samson Baidoo,Ligue 1,23,1827,0.1,0.08,0.02,0.84,0.2,11.76,0.09,10.54,97.2,9.2,4.53,35.6,0.4,0.0,0.0,0.05,0.0,1.67,1.13,5.17,1.23,4.09,3.84,2.27,59.0,4.48,2.17,48.4,52.12,48.28,92.6,3.99,3.45,86.4,0.0,0.0,0.0,0.0,22,25.0,CB,4.0
Ramon Hendriks,Bundesliga,31,2022,0.0,0.01,-0.01,0.22,0.0,0.0,0.06,15.04,157.6,10.5,6.5,53.1,0.4,0.0,0.0,0.09,0.09,1.56,0.93,2.85,0.49,3.38,4.41,2.98,67.7,2.89,1.96,67.7,54.84,49.58,90.4,9.21,6.81,73.9,0.89,0.27,30.0,0.04,25,25.0,CB,2.0
Sam Beukema,Serie A,24,1680,0.11,0.09,0.02,0.43,0.21,25.0,0.21,13.45,121.1,9.0,5.89,54.0,0.5,0.0,0.0,0.0,0.0,1.02,0.75,3.91,0.59,3.11,3.0,1.34,44.6,3.27,1.71,52.5,73.5,67.18,91.4,12.7,9.91,78.1,0.32,0.0,0.0,0.0,27,25.0,CB,4.0
Sander Berge,Premier League,35,2911,0.0,0.05,-0.05,0.46,0.09,0.0,0.1,15.46,166.7,10.8,7.27,71.3,0.3,0.09,0.0,0.15,0.03,1.76,0.77,4.11,0.46,1.55,4.88,2.47,50.6,2.5,1.55,61.7,53.46,48.01,89.8,10.82,9.15,84.6,0.4,0.09,23.1,0.09,28,25.0,DM,3.0
Raúl Asencio,La Liga,23,1706,0.11,0.07,0.04,0.74,0.21,14.29,0.09,12.87,124.6,9.7,7.23,69.8,0.5,0.05,0.0,0.11,0.0,0.9,0.53,2.74,0.69,3.01,3.59,2.16,60.3,1.95,1.11,56.8,62.51,58.77,94.0,7.39,6.01,81.4,0.05,0.0,0.0,0.11,23,25.0,CB,5.0
Dani Vivian,La Liga,31,2563,0.04,0.04,-0.01,0.6,0.21,5.88,0.07,10.5,106.2,10.1,5.58,60.6,0.4,0.0,0.0,0.07,0.0,1.93,1.12,4.56,0.46,5.02,5.27,2.67,50.7,2.46,1.09,44.3,47.37,40.52,85.5,7.87,4.88,62.0,0.39,0.11,27.3,0.04,27,25.0,CB,6.0
Chris Rigg,Premier League,18,766,0.12,0.1,0.02,1.41,0.35,8.33,0.07,6.7,66.4,9.9,2.82,19.6,0.8,0.23,0.0,0.23,0.0,1.53,0.47,3.41,0.12,1.17,6.11,3.29,53.8,1.53,0.47,30.8,25.03,17.98,71.8,9.52,6.23,65.4,1.29,0.47,36.4,0.23,19,25.0,AM,4.0
David Raum,Bundesliga,30,2556,0.11,0.08,0.03,0.85,0.28,12.5,0.09,12.61,137.8,10.9,8.03,91.7,0.4,0.11,0.0,0.25,0.0,1.69,1.06,5.39,0.28,3.66,5.74,2.85,49.7,1.3,0.56,43.2,59.72,48.24,80.8,17.61,12.32,70.0,3.56,0.92,25.7,0.32,28,25.0,FB,1.0
Conor Bradley,Premier League,15,932,0.0,0.02,-0.02,0.58,0.0,0.0,0.04,15.06,166.0,11.0,8.21,90.4,1.1,0.1,0.0,0.19,0.1,1.83,1.26,4.15,0.39,2.8,10.14,4.44,43.8,2.99,1.45,48.4,47.51,39.88,83.9,16.9,13.23,78.3,2.32,0.39,16.7,0.29,23,25.0,FB,3.0
Charlie Cresswell,Ligue 1,29,2533,0.11,0.12,-0.01,1.31,0.43,8.11,0.09,11.05,106.3,9.6,5.01,53.3,0.4,0.0,0.0,0.04,0.0,0.92,0.99,2.63,0.99,6.15,3.41,1.46,42.7,7.11,4.62,65.0,50.06,42.89,85.7,6.61,3.3,50.0,0.07,0.0,0.0,0.0,24,25.0,CB,1.0
Carlos Romero,La Liga,36,3195,0.17,0.08,0.09,1.18,0.34,14.29,0.07,11.38,142.4,12.5,6.76,68.4,0.3,0.48,0.03,0.25,0.03,2.73,1.13,4.87,0.42,2.06,8.31,4.62,55.6,0.93,0.39,42.4,28.48,22.59,79.3,8.65,5.92,68.4,2.51,0.45,18.0,0.03,24,25.0,FB,5.0
Ollie Watkins,Premier League,37,2852,0.5,0.48,0.03,2.62,1.2,19.28,0.18,5.84,71.6,12.3,3.47,42.0,0.4,0.88,0.06,0.19,0.0,0.69,0.19,1.55,0.06,0.47,5.96,2.52,42.3,2.93,1.14,38.7,15.02,10.92,72.7,7.38,5.18,70.1,0.22,0.06,28.6,0.09,30,25.0,ST,3.0
Noah Okafor,Premier League,28,1568,0.46,0.3,0.16,2.01,0.86,22.86,0.15,12.86,187.3,14.6,7.92,118.0,0.9,0.4,0.0,0.52,0.0,1.32,0.69,3.5,0.06,0.92,10.91,4.36,40.0,1.84,0.69,37.5,19.06,14.52,76.2,8.27,6.14,74.3,2.12,0.4,18.9,0.11,26,25.0,W,3.0
Mikel Oyarzabal,La Liga,34,2714,0.5,0.51,-0.01,2.62,1.19,18.99,0.19,8.79,102.1,11.6,4.81,48.1,0.3,0.56,0.1,0.5,0.07,0.96,0.13,3.08,0.1,0.93,7.2,3.52,48.8,3.71,1.29,34.8,25.77,19.8,76.8,11.37,7.76,68.2,0.56,0.03,5.9,0.46,29,25.0,ST,2.0
Keane Lewis-Potter,Premier League,36,1968,0.14,0.14,-0.0,1.42,0.41,9.68,0.1,8.37,99.0,11.8,4.89,52.7,0.5,0.18,0.0,0.23,0.05,1.05,0.55,4.39,0.09,1.69,6.59,3.43,52.1,1.78,0.5,28.2,25.98,20.17,77.6,9.33,6.63,71.1,3.06,0.96,31.3,0.05,25,25.0,W,5.0
Julian Ryerson,Bundesliga,31,2272,0.0,0.04,-0.04,0.48,0.04,0.0,0.08,11.37,122.6,10.8,6.97,64.1,0.4,0.08,0.0,0.44,0.12,1.35,0.55,4.79,0.16,1.62,8.12,3.09,38.0,1.03,0.44,42.3,35.93,29.67,82.6,15.77,12.08,76.6,6.18,1.35,21.8,0.08,28,25.0,FB,2.0
Konstantinos Koulierakis,Bundesliga,29,2481,0.15,0.12,0.03,0.94,0.44,15.38,0.12,11.14,115.2,10.3,6.28,63.5,0.4,0.11,0.0,0.11,0.0,1.41,1.34,3.01,0.54,5.88,3.45,1.96,56.8,4.03,2.29,56.8,53.83,45.38,84.3,8.42,5.33,63.4,0.73,0.33,45.0,0.11,22,25.0,CB,5.0
Kenneth Taylor,Serie A,17,1400,0.19,0.13,0.06,1.03,0.39,18.75,0.13,9.0,88.7,9.9,4.05,31.9,0.5,0.32,0.06,0.19,0.0,1.35,0.64,2.89,0.39,0.64,6.36,2.7,42.4,0.71,0.32,45.5,43.26,38.38,88.7,15.43,12.09,78.3,0.58,0.06,11.1,0.0,24,25.0,CM,4.0
Denis Zakaria,Ligue 1,24,2033,0.09,0.08,0.01,0.8,0.13,11.11,0.09,13.41,144.9,10.8,7.61,79.4,0.5,0.09,0.0,0.04,0.0,1.68,1.77,4.47,0.66,2.83,4.78,2.35,49.1,1.28,0.66,51.7,49.18,45.86,93.3,8.28,6.95,84.0,0.53,0.04,8.3,0.04,29,25.0,DM,2.0
Nicolas Seiwald,Bundesliga,33,2703,0.0,0.06,-0.06,0.63,0.23,0.0,0.1,9.12,90.1,9.9,3.83,43.7,0.4,0.07,0.0,0.13,0.03,2.2,1.86,3.9,0.33,2.13,4.2,2.66,63.5,2.03,1.1,54.1,48.08,42.75,88.9,8.52,6.29,73.8,0.23,0.07,28.6,0.1,25,25.0,DM,2.0
Diego Moreira,Ligue 1,27,2041,0.18,0.09,0.09,1.28,0.49,13.79,0.07,13.8,171.8,12.4,7.89,91.8,0.5,0.26,0.09,0.53,0.04,1.94,0.93,4.23,0.18,1.19,10.1,4.67,46.3,1.32,0.66,50.0,41.85,34.04,81.3,13.67,9.66,70.7,3.7,0.79,21.4,0.09,22,25.0,W,5.0
Mats Wieffer,Premier League,26,1908,0.09,0.09,0.0,0.85,0.28,11.11,0.11,10.0,100.7,10.1,5.05,41.9,0.4,0.19,0.0,0.14,0.0,3.11,1.18,4.86,0.33,3.35,9.15,4.53,49.5,4.25,2.08,48.9,41.56,34.58,83.2,11.51,8.77,76.2,0.75,0.14,18.8,0.14,26,25.0,FB,3.0
Mathys Tel,Premier League,31,1342,0.27,0.16,0.1,2.35,0.54,11.43,0.07,16.7,208.3,12.5,9.59,99.0,0.7,0.74,0.07,0.47,0.0,1.27,0.4,4.83,0.13,0.8,12.54,5.43,43.3,3.42,1.07,31.4,24.08,18.64,77.4,10.53,7.51,71.3,2.88,0.8,27.9,0.0,21,25.0,W,5.0
Gianluca Scamacca,Serie A,24,1319,0.68,0.46,0.22,3.89,1.5,17.54,0.12,5.8,52.5,9.1,1.43,1.3,0.1,0.34,0.0,0.2,0.0,0.55,0.2,2.18,0.14,1.02,6.82,2.66,39.0,2.8,1.77,63.4,21.56,15.15,70.3,11.74,7.64,65.1,0.0,0.0,0.0,0.07,27,25.0,ST,2.0
Harry Wilson,Premier League,36,2691,0.33,0.19,0.14,2.61,0.84,12.82,0.07,8.93,100.2,11.2,3.85,30.9,0.3,0.87,0.1,0.37,0.07,0.97,0.5,2.74,0.1,1.61,5.32,2.81,52.8,0.84,0.17,20.0,25.99,21.1,81.2,11.57,8.86,76.6,1.4,0.37,26.2,0.33,29,25.0,W,4.0
Ernest Poku,Bundesliga,29,1484,0.3,0.18,0.13,1.64,0.55,18.52,0.11,15.22,193.9,12.7,10.13,124.4,0.7,0.55,0.12,1.03,0.18,0.79,0.49,2.67,0.06,0.91,8.67,3.52,40.6,1.27,0.18,14.3,33.84,28.14,83.2,15.77,12.31,78.1,0.73,0.0,0.0,0.0,22,25.0,W,1.0
Nathan Ngoy,Ligue 1,29,2404,0.04,0.05,-0.01,0.82,0.22,4.55,0.06,15.2,161.5,10.6,9.28,95.8,0.4,0.15,0.0,0.04,0.0,1.24,1.35,4.34,0.49,3.71,3.22,1.91,59.3,1.87,1.09,58.0,61.7,56.42,91.4,6.29,4.46,70.8,0.19,0.04,20.0,0.11,23,25.0,CB,3.0
Denzel Dumfries,Serie A,20,1327,0.2,0.24,-0.03,1.56,0.34,13.04,0.15,4.88,52.8,10.8,2.85,27.6,0.7,0.2,0.0,0.07,0.0,1.09,0.47,2.37,0.0,1.42,5.22,2.37,45.5,3.66,2.03,55.6,25.57,20.48,80.1,9.9,7.05,71.2,2.31,0.34,14.7,0.0,30,25.0,FB,4.0
Mikel Merino,Premier League,22,1027,0.35,0.3,0.05,1.93,0.7,18.18,0.15,5.78,57.2,9.9,2.45,23.2,0.8,0.09,0.0,0.18,0.09,2.28,0.88,5.0,0.18,1.67,8.85,4.47,50.5,6.22,2.45,39.4,32.42,24.63,76.0,13.15,8.5,64.7,0.35,0.0,0.0,1.05,30,25.0,CM,2.0
Tylel Tati,Ligue 1,20,1724,0.0,0.01,-0.01,0.16,0.0,0.0,0.09,13.57,140.9,10.4,8.09,88.2,0.6,0.05,0.0,0.0,0.0,0.99,0.89,3.03,0.78,4.12,3.6,2.14,59.4,1.41,0.68,48.1,49.59,43.64,88.0,4.54,2.3,50.6,0.05,0.05,100.0,0.0,18,25.0,CB,4.0
Lewis Miley,Premier League,23,1493,0.06,0.08,-0.02,0.72,0.24,8.33,0.11,11.75,125.7,10.7,4.88,39.5,0.5,0.0,0.0,0.24,0.0,1.75,1.21,4.16,0.18,2.05,4.34,2.65,61.1,3.74,2.71,72.6,50.64,45.45,89.8,14.11,11.57,82.0,1.33,0.18,13.6,0.0,20,25.0,CM,6.0
Josh Acheampong,Premier League,17,663,0.14,0.09,0.05,0.54,0.27,25.0,0.16,18.19,187.7,10.3,7.06,77.7,1.5,0.0,0.0,0.0,0.0,1.49,1.49,3.53,0.27,2.71,6.52,4.21,64.6,2.44,1.49,61.1,64.89,59.73,92.0,7.06,5.16,73.1,0.14,0.14,100.0,0.0,20,25.0,CB,3.0
Josh King,Premier League,32,1304,0.07,0.17,-0.1,1.79,0.76,3.85,0.09,13.53,184.6,13.6,7.73,105.4,0.9,0.55,0.0,0.28,0.0,1.86,0.21,4.07,0.28,0.97,9.04,5.04,55.7,1.52,0.21,13.6,24.02,19.19,79.9,10.21,7.59,74.3,0.83,0.0,0.0,0.14,19,25.0,AM,3.0
Javi Guerra,La Liga,36,2069,0.17,0.15,0.03,1.35,0.52,12.9,0.11,12.05,140.0,11.6,6.57,72.3,0.5,0.22,0.13,0.22,0.0,1.26,1.04,4.65,0.26,1.09,8.61,3.26,37.9,1.17,0.61,51.9,42.63,34.76,81.5,13.35,9.35,70.0,1.39,0.22,15.6,0.35,23,25.0,CM,3.0
Jean-Mattéo Bahoya,Bundesliga,27,1329,0.2,0.14,0.07,1.96,0.61,10.34,0.07,14.7,192.5,13.1,8.6,108.4,0.9,0.95,0.0,1.15,0.2,2.1,0.88,4.06,0.14,0.88,10.9,6.37,58.4,1.76,0.47,26.9,30.14,24.24,80.5,11.04,8.13,73.6,2.23,0.47,21.2,0.07,21,25.0,W,1.0
Jon Gorrotxategi,La Liga,30,2215,0.04,0.03,0.01,0.53,0.04,7.69,0.06,12.96,125.9,9.7,5.53,54.7,0.4,0.04,0.0,0.12,0.0,1.83,1.42,5.08,0.53,1.83,6.66,3.33,50.0,2.64,1.22,46.2,53.19,46.24,86.9,11.82,8.94,75.6,0.16,0.0,0.0,0.08,24,25.0,DM,4.0
Jon Martín,La Liga,25,2250,0.08,0.08,0.0,0.6,0.2,13.33,0.13,17.4,181.4,10.4,8.24,97.5,0.5,0.0,0.0,0.04,0.0,1.24,1.36,3.28,0.88,6.36,3.28,2.04,62.2,4.96,3.36,67.7,54.24,49.48,91.2,4.8,3.4,70.8,0.0,0.0,0.0,0.0,20,25.0,CB,6.0
Loïc Badé,Bundesliga,23,1652,0.0,0.07,-0.07,0.65,0.22,0.0,0.11,16.34,168.1,10.3,7.46,75.8,0.6,0.05,0.0,0.05,0.0,1.8,1.14,5.99,0.98,6.05,3.54,2.18,61.5,4.63,3.0,64.7,77.42,71.31,92.1,9.42,7.85,83.2,0.22,0.05,25.0,0.11,26,25.0,CB,4.0
Youssouf Fofana,Serie A,33,2217,0.08,0.15,-0.07,1.83,0.73,4.44,0.08,8.08,88.3,10.9,4.79,52.2,0.4,0.32,0.0,0.41,0.0,1.66,0.77,3.61,0.16,0.65,6.5,2.84,43.8,1.3,0.41,31.3,32.6,26.96,82.7,11.77,8.44,71.7,0.41,0.08,20.0,0.53,27,25.0,DM,1.0
Tyrick Mitchell,Premier League,38,3253,0.03,0.04,-0.02,0.53,0.19,5.26,0.08,9.05,103.4,11.4,5.75,60.4,0.3,0.17,0.0,0.28,0.03,2.79,0.94,5.17,0.33,2.77,6.61,3.98,60.3,1.85,0.72,38.8,30.63,22.38,73.1,9.79,6.5,66.4,2.88,0.61,21.1,0.06,27,25.0,FB,1.0
Arthur Atta,Serie A,32,2563,0.18,0.14,0.03,2.0,0.7,8.77,0.07,17.56,207.6,11.8,9.17,105.0,0.4,0.95,0.11,0.53,0.07,0.95,0.67,3.9,0.04,1.23,9.76,4.21,43.2,1.55,0.74,47.7,36.48,30.34,83.2,14.89,11.27,75.7,1.23,0.32,25.7,0.14,23,25.0,CM,5.0
Arnaud Kalimuendo,Bundesliga,19,1420,0.38,0.26,0.12,1.9,1.01,20.0,0.13,9.38,110.4,11.8,4.94,53.7,0.7,0.82,0.0,0.95,0.06,0.7,0.25,2.03,0.06,0.44,7.16,3.17,44.2,3.49,0.76,21.8,19.08,16.35,85.7,8.68,6.85,78.8,0.95,0.19,20.0,0.13,24,25.0,ST,4.0
Lloyd Kelly,Serie A,35,2998,0.03,0.03,-0.0,0.51,0.09,5.88,0.06,16.96,194.1,11.4,10.24,118.2,0.3,0.09,0.0,0.0,0.0,1.44,0.42,5.04,0.51,3.48,4.32,2.49,57.6,4.29,2.7,62.9,61.03,54.28,88.9,9.73,6.75,69.4,0.36,0.0,0.0,0.12,27,23.0,CB,3.0
James Hill,Premier League,29,2104,0.0,0.04,-0.04,0.51,0.09,0.0,0.07,8.9,78.7,8.8,4.75,43.0,0.4,0.0,0.0,0.09,0.09,1.67,1.67,3.21,0.6,7.19,3.68,2.22,60.5,7.44,4.88,65.5,44.36,34.48,77.7,8.3,3.46,41.8,0.47,0.09,18.2,0.09,24,23.0,CB,3.0
Koni De Winter,Serie A,26,1798,0.05,0.03,0.02,0.35,0.05,14.29,0.1,14.37,150.3,10.5,7.66,70.3,0.5,0.05,0.0,0.05,0.0,1.45,0.65,3.7,0.6,4.96,3.7,2.0,54.1,3.2,2.1,65.6,63.22,57.76,91.4,7.91,6.26,79.1,0.25,0.05,20.0,0.0,24,23.0,CB,4.0
Oumar Solet,Serie A,35,2961,0.09,0.08,0.01,1.0,0.18,9.09,0.08,19.67,218.9,11.1,10.94,111.0,0.3,0.27,0.06,0.36,0.0,2.28,1.46,5.17,0.58,3.8,7.05,4.35,61.6,2.8,1.52,54.3,63.07,56.29,89.3,11.28,8.42,74.7,0.61,0.06,10.0,0.09,26,23.0,CB,1.0
Nicolò Rovella,Serie A,11,513,0.0,0.01,-0.01,0.18,0.0,0.0,0.03,17.02,164.7,9.7,7.19,52.4,1.3,0.0,0.0,0.35,0.0,1.93,1.58,6.32,0.18,1.58,8.25,5.09,61.7,0.7,0.53,75.0,86.32,80.0,92.7,18.42,14.91,81.0,0.18,0.0,0.0,0.53,24,23.0,DM,2.0
Davide Bartesaghi,Serie A,31,2442,0.07,0.04,0.03,0.81,0.26,9.09,0.05,8.73,104.8,12.0,5.01,58.9,0.4,0.18,0.0,0.22,0.0,1.81,0.44,2.62,0.37,2.47,5.68,2.76,48.7,2.03,0.92,45.5,39.18,33.61,85.8,12.31,9.91,80.5,3.35,0.74,22.0,0.07,20,23.0,FB,4.0
Bernardo Silva,Premier League,38,2886,0.06,0.08,-0.02,0.94,0.22,6.67,0.09,20.24,219.7,10.9,11.07,108.5,0.3,0.22,0.03,0.25,0.0,1.68,0.69,4.55,0.19,1.06,6.89,3.02,43.9,0.78,0.12,16.0,68.76,62.03,90.2,23.36,19.65,84.1,1.06,0.19,17.6,0.34,32,22.0,AM,2.0
Igor Matanovic,Bundesliga,31,1561,0.63,0.53,0.1,3.0,1.15,21.15,0.18,3.75,36.4,9.7,1.9,17.4,0.5,0.23,0.0,0.0,0.0,1.33,0.52,2.94,0.12,2.02,8.88,3.29,37.0,9.22,4.79,51.9,18.33,11.47,62.6,8.01,4.15,51.8,0.0,0.0,0.0,0.12,23,22.0,ST,
Álex Jiménez,Premier League,31,2323,0.04,0.04,-0.01,0.81,0.15,4.76,0.05,13.44,188.0,14.0,9.1,126.9,0.5,0.15,0.0,0.19,0.0,2.67,1.05,5.23,0.39,1.59,9.38,4.96,52.9,1.36,0.5,37.1,33.63,26.97,80.2,11.82,8.41,71.2,1.98,0.43,21.6,0.23,21,22.0,FB,1.0
Ryan Sessegnon,Premier League,27,1822,0.15,0.08,0.07,0.79,0.2,18.75,0.1,8.79,109.1,12.4,5.63,66.3,0.6,0.15,0.05,0.2,0.0,2.37,1.23,3.66,0.4,3.16,6.72,2.96,44.1,2.22,0.94,42.2,33.54,25.64,76.4,9.58,6.87,71.7,2.77,0.3,10.7,0.2,26,22.0,FB,1.0
Ladislav Krejcí,Premier League,28,2361,0.08,0.08,-0.01,0.8,0.38,9.52,0.11,10.37,105.2,10.1,5.64,53.3,0.4,0.0,0.0,0.04,0.0,1.22,1.22,3.01,0.57,4.46,3.58,1.52,42.6,4.31,2.44,56.6,50.2,41.44,82.5,10.03,5.64,56.3,0.65,0.15,23.5,0.04,27,22.0,CB,4.0
Jean-Clair Todibo,Premier League,23,1817,0.0,0.01,-0.01,0.1,0.0,0.0,0.12,8.97,91.1,10.2,4.76,46.0,0.5,0.0,0.0,0.05,0.0,1.88,0.84,4.41,0.64,4.85,3.22,2.18,67.7,2.48,1.24,50.0,38.73,33.83,87.3,4.71,3.07,65.3,0.15,0.0,0.0,0.0,26,22.0,CB,1.0
Johan Bakayoko,Bundesliga,20,773,0.23,0.24,-0.01,2.79,1.05,8.33,0.09,14.2,163.8,11.5,6.64,72.6,1.3,1.28,0.23,0.47,0.0,0.58,0.23,3.61,0.0,0.35,8.38,3.61,43.1,1.28,0.23,18.2,33.42,27.59,82.6,12.23,9.2,75.2,1.75,0.35,20.0,0.23,23,22.0,W,4.0
Trai Hume,Premier League,38,3037,0.06,0.06,-0.0,1.01,0.21,5.88,0.06,4.74,53.2,11.2,2.37,24.1,0.3,0.06,0.0,0.21,0.0,1.99,0.74,3.02,0.33,2.93,5.78,3.26,56.4,3.94,1.93,48.9,31.06,23.41,75.4,10.34,6.58,63.6,1.54,0.21,13.5,0.09,24,22.0,FB,4.0
Arthur Vermeeren,Ligue 1,20,823,0.0,0.02,-0.02,0.33,0.11,0.0,0.06,10.06,92.2,9.2,3.5,22.4,0.7,0.0,0.0,0.11,0.0,3.06,1.31,6.34,0.11,0.98,7.87,3.72,47.2,0.87,0.44,50.0,62.55,55.33,88.5,16.95,14.11,83.2,0.33,0.0,0.0,0.22,21,22.0,DM,1.0
Joshua Zirkzee,Premier League,24,608,0.3,0.44,-0.14,3.7,1.33,8.0,0.12,5.92,61.5,10.4,2.66,26.6,1.5,0.3,0.15,0.15,0.0,1.33,0.15,2.81,0.3,1.63,7.25,2.96,40.8,7.7,2.96,38.5,36.27,26.94,74.3,12.14,7.11,58.5,0.74,0.3,40.0,0.3,25,22.0,ST,3.0
Fábio Silva,Bundesliga,28,805,0.22,0.3,-0.07,2.57,0.89,8.7,0.11,8.94,107.3,12.0,5.37,61.0,1.3,0.22,0.0,0.78,0.22,0.78,0.22,2.91,0.11,0.11,9.17,3.24,35.4,5.37,1.57,29.2,29.96,21.69,72.4,16.55,11.4,68.9,1.45,0.34,23.1,0.11,24,22.0,ST,4.0
Kristoffer Ajer,Premier League,27,1807,0.0,0.04,-0.04,0.5,0.15,0.0,0.08,7.97,98.5,12.4,4.53,59.1,0.6,0.05,0.0,0.0,0.0,1.84,0.9,2.94,0.8,5.93,4.43,2.24,50.6,5.23,2.99,57.1,35.16,28.14,80.0,6.38,2.84,44.5,0.35,0.05,14.3,0.0,28,22.0,CB,4.0
Lesley Ugochukwu,Premier League,35,2350,0.11,0.1,0.02,0.88,0.31,13.04,0.11,8.66,93.0,10.7,4.4,42.0,0.4,0.23,0.04,0.15,0.04,1.95,0.69,3.83,0.8,0.92,7.24,3.68,50.8,2.18,1.0,45.6,30.18,25.16,83.4,8.73,6.24,71.5,0.27,0.04,14.3,0.04,22,22.0,DM,1.0
Pascal Struijk,Premier League,34,2937,0.0,0.09,-0.09,0.95,0.15,0.0,0.1,9.87,92.4,9.4,5.36,47.4,0.3,0.0,0.0,0.0,0.0,1.2,0.95,3.62,0.52,6.34,3.55,1.96,55.2,6.04,3.37,55.8,56.35,49.86,88.5,7.75,5.24,67.6,0.06,0.0,0.0,0.03,27,22.0,CB,5.0
Chrislain Matsima,Bundesliga,18,1490,0.06,0.03,0.04,0.42,0.06,14.29,0.06,7.07,68.5,9.7,2.78,20.4,0.4,0.0,0.0,0.0,0.0,1.15,1.81,4.47,1.15,5.56,2.48,1.39,56.1,3.2,2.36,73.6,45.79,38.96,85.1,6.16,3.81,61.8,0.24,0.06,25.0,0.0,24,22.0,CB,4.0
Davide Frattesi,Serie A,22,553,0.0,0.35,-0.35,2.6,0.65,0.0,0.13,5.37,68.1,12.7,3.42,36.0,1.7,0.16,0.0,0.0,0.0,2.44,0.49,2.6,0.16,0.65,9.11,5.05,55.4,1.95,0.65,33.3,19.69,15.3,77.7,7.0,4.72,67.4,0.33,0.0,0.0,0.0,26,22.0,CM,1.0
Noa Lang,Serie A,18,662,0.14,0.11,0.03,1.22,0.54,11.11,0.09,17.67,208.2,11.8,8.43,72.6,1.2,0.27,0.0,0.0,0.0,1.63,0.27,4.35,0.0,0.14,7.75,4.21,54.4,1.77,0.82,46.2,36.57,28.82,78.8,18.22,13.73,75.4,3.4,0.68,20.0,0.0,27,22.0,W,4.0
Randal Kolo Muani,Premier League,30,1670,0.05,0.12,-0.06,1.08,0.22,5.0,0.11,8.03,103.2,12.9,4.96,63.9,0.7,0.27,0.05,0.38,0.0,1.56,0.16,3.45,0.05,0.97,10.83,3.99,36.8,4.37,1.72,39.5,17.68,12.45,70.4,9.11,6.09,66.9,0.97,0.38,38.9,0.05,27,22.0,ST,5.0
Pau Torres,Premier League,21,1676,0.0,0.07,-0.07,0.48,0.05,0.0,0.14,19.33,227.4,11.8,12.3,146.6,0.6,0.0,0.0,0.05,0.0,1.18,0.59,4.3,0.86,3.28,3.11,1.83,58.6,2.58,1.34,52.1,62.72,55.85,89.0,10.9,7.79,71.4,0.21,0.0,0.0,0.05,29,22.0,CB,2.0
Samuele Ricci,Serie A,31,1297,0.07,0.11,-0.04,1.25,0.42,5.56,0.08,11.1,112.4,10.1,5.27,51.5,0.7,0.28,0.0,0.14,0.0,1.11,0.62,4.02,0.35,2.01,5.76,3.68,63.9,0.69,0.21,30.0,44.9,40.45,90.1,13.74,11.45,83.3,1.04,0.49,46.7,0.07,25,22.0,DM,1.0
Daniel Svensson,Bundesliga,33,2452,0.07,0.07,0.01,0.44,0.15,16.67,0.15,6.83,75.1,11.0,3.49,32.3,0.3,0.07,0.0,0.18,0.0,1.39,0.73,3.23,0.29,2.86,5.07,2.61,51.4,2.02,0.81,40.0,30.83,25.73,83.5,10.61,8.19,77.2,2.35,0.4,17.2,0.0,24,22.0,FB,3.0
Maxim De Cuyper,Premier League,30,1414,0.13,0.12,0.01,0.83,0.38,15.38,0.14,8.78,87.4,10.0,4.96,49.6,0.6,0.0,0.0,0.38,0.06,1.46,0.76,4.33,0.13,1.78,6.17,3.25,52.6,1.97,0.64,32.3,44.05,37.11,84.3,11.97,8.59,71.8,2.48,1.02,41.0,0.06,25,22.0,FB,4.0
Isak Hien,Serie A,28,1965,0.05,0.04,0.01,0.41,0.14,11.11,0.09,10.53,89.0,8.4,3.71,32.0,0.4,0.0,0.0,0.05,0.0,2.24,1.33,5.73,0.73,4.67,6.5,3.39,52.1,4.44,2.2,49.5,51.94,47.82,92.1,4.53,3.39,74.8,0.0,0.0,0.0,0.0,27,22.0,CB,2.0
Giacomo Raspadori,Serie A,13,791,0.34,0.36,-0.02,3.19,1.25,10.71,0.11,10.7,113.0,10.6,3.53,19.7,0.6,1.02,0.0,0.68,0.11,0.91,0.11,3.19,0.0,0.57,5.69,2.16,38.0,1.82,0.8,43.8,34.02,27.42,80.6,15.25,11.38,74.6,2.16,0.8,36.8,0.0,26,22.0,ST,4.0
Matty Cash,Premier League,35,3020,0.09,0.04,0.05,0.89,0.3,10.0,0.04,10.31,104.8,10.2,4.17,26.6,0.2,0.24,0.03,0.15,0.0,1.97,0.66,2.62,0.42,2.5,6.17,3.13,50.7,1.76,0.95,54.2,41.51,35.49,85.5,12.67,9.83,77.7,2.47,0.42,16.9,0.06,29,22.0,FB,3.0
Ermedin Demirovic,Bundesliga,25,1498,0.72,0.45,0.27,2.46,1.32,29.27,0.18,4.27,39.0,9.1,1.92,17.3,0.5,0.3,0.06,0.42,0.06,0.84,0.06,2.34,0.06,0.72,6.97,2.76,39.7,5.29,1.86,35.2,15.02,10.99,73.2,7.93,5.71,72.0,0.06,0.0,0.0,0.24,28,22.0,ST,2.0
Miguel Gutiérrez,Serie A,28,1483,0.06,0.05,0.01,0.91,0.3,6.67,0.05,12.44,142.1,11.4,5.52,53.4,0.6,0.18,0.06,0.42,0.0,2.0,0.55,6.01,0.06,1.27,7.46,4.13,55.3,1.03,0.61,58.8,48.19,42.42,88.0,13.41,10.8,80.5,2.67,0.42,15.9,0.06,25,22.0,FB,5.0
Deniz Undav,Bundesliga,29,2247,0.76,0.65,0.11,4.89,1.84,15.57,0.13,6.85,61.6,9.0,3.12,27.3,0.4,1.16,0.12,0.4,0.08,0.72,0.16,2.16,0.08,0.28,5.29,1.96,37.1,3.85,1.44,37.5,25.03,18.18,72.6,12.98,8.93,68.8,0.48,0.04,8.3,0.44,30,22.0,ST,3.0
Dominic Calvert-Lewin,Premier League,35,2726,0.46,0.52,-0.06,2.44,1.12,18.92,0.21,3.57,40.7,11.4,1.72,17.8,0.3,0.33,0.03,0.1,0.0,0.33,0.13,1.52,0.2,1.19,4.92,1.85,37.6,10.47,4.23,40.4,15.19,8.88,58.5,8.06,4.29,53.3,0.33,0.03,10.0,0.03,29,22.0,ST,2.0
Teun Koopmeiners,Serie A,33,1819,0.0,0.07,-0.07,1.39,0.35,0.0,0.05,12.72,146.6,11.5,8.31,95.5,0.6,0.3,0.0,0.1,0.0,1.63,0.89,3.86,0.35,1.93,5.1,2.37,46.6,2.72,1.58,58.2,57.44,52.1,90.7,15.19,12.72,83.7,1.09,0.25,22.7,0.05,28,20.0,DM,3.0
Sergi Altimira,La Liga,24,1182,0.08,0.03,0.05,0.53,0.23,14.29,0.05,15.3,156.9,10.3,6.55,61.7,0.7,0.08,0.0,0.08,0.0,3.88,1.6,6.02,0.3,1.52,9.06,5.79,63.9,1.9,1.29,68.0,58.48,53.3,91.2,11.42,9.44,82.7,0.23,0.15,66.7,0.23,25,20.0,DM,5.0
Arthur Theate,Bundesliga,24,2143,0.04,0.05,-0.0,0.63,0.29,6.67,0.07,14.11,146.4,10.4,7.94,87.7,0.5,0.13,0.0,0.13,0.0,1.47,1.26,3.28,0.67,5.67,3.32,2.14,64.6,3.4,1.34,39.5,68.33,61.44,89.9,12.14,8.57,70.6,0.55,0.04,7.7,0.08,26,20.0,CB,1.0
Williot Swedberg,La Liga,29,1268,0.35,0.3,0.05,1.63,0.85,21.74,0.18,8.3,91.3,11.0,3.97,33.0,0.6,0.5,0.21,0.35,0.14,1.99,0.28,2.2,0.14,0.5,10.86,5.11,47.1,1.14,0.14,12.5,20.87,16.18,77.5,8.45,6.25,74.0,0.57,0.14,25.0,0.28,22,20.0,W,3.0
Andy Diouf,Serie A,19,480,0.19,0.11,0.08,1.88,0.56,10.0,0.06,19.5,247.1,12.7,12.0,152.2,2.4,0.75,0.19,0.94,0.0,2.25,0.19,4.31,0.0,0.94,11.81,5.06,42.9,1.88,1.13,60.0,43.88,37.5,85.5,19.88,15.38,77.4,1.13,0.19,16.7,0.0,23,20.0,CM,4.0
Andrea Cambiaso,Serie A,36,2794,0.1,0.09,0.0,0.84,0.42,11.54,0.11,15.37,171.9,11.2,7.18,66.7,0.3,0.26,0.0,0.35,0.0,1.96,0.64,5.41,0.23,0.64,5.7,2.93,51.4,0.81,0.29,36.0,49.77,43.81,88.0,16.33,13.37,81.8,3.35,0.81,24.0,0.13,26,20.0,FB,3.0
Alexis Saelemaekers,Serie A,35,2797,0.1,0.11,-0.01,1.38,0.35,6.98,0.08,16.89,175.7,10.4,7.5,56.1,0.2,0.42,0.03,0.61,0.1,2.35,0.9,5.15,0.13,0.71,10.14,5.98,59.0,0.71,0.32,45.5,42.67,35.78,83.9,15.96,11.91,74.6,2.64,0.68,25.6,0.29,27,20.0,W,5.0
Billy Gilmour,Serie A,17,803,0.11,0.08,0.03,1.12,0.34,10.0,0.07,17.04,163.0,9.6,6.39,52.7,0.9,0.0,0.0,0.22,0.0,1.57,1.23,6.28,0.11,1.12,5.27,3.36,63.8,1.68,0.56,33.3,88.77,79.91,90.0,25.33,20.62,81.4,0.67,0.0,0.0,0.45,25,20.0,DM,3.0
Kévin Danois,Ligue 1,33,2835,0.1,0.06,0.03,0.79,0.25,12.0,0.08,13.75,155.3,11.3,6.25,63.2,0.3,0.13,0.03,0.35,0.0,2.48,1.21,5.9,0.06,0.48,8.92,4.38,49.1,1.37,0.48,34.9,48.1,41.05,85.3,15.59,11.9,76.4,0.83,0.1,11.5,0.25,22,20.0,CM,3.0
Jayden Addai,Serie A,12,688,0.39,0.2,0.19,1.7,0.78,23.08,0.12,12.95,159.9,12.3,8.11,93.6,1.5,0.92,0.13,0.39,0.0,0.78,0.39,3.14,0.13,0.52,10.86,4.45,41.0,0.39,0.26,66.7,21.85,16.22,74.3,11.64,7.72,66.3,1.31,0.13,10.0,0.13,21,20.0,W,4.0
Joachim Andersen,Premier League,33,2877,0.0,0.05,-0.05,0.5,0.13,0.0,0.09,17.39,181.8,10.5,10.48,103.3,0.3,0.03,0.0,0.03,0.03,1.41,1.13,3.57,0.59,7.16,3.53,1.94,54.9,3.44,2.47,71.8,71.17,61.25,86.1,12.08,7.1,58.8,0.47,0.13,26.7,0.0,30,20.0,CB,3.0
Kevin Danso,Premier League,24,1491,0.0,0.04,-0.04,0.66,0.12,0.0,0.05,14.61,149.5,10.2,8.21,84.1,0.6,0.0,0.0,0.0,0.0,1.63,1.51,2.72,0.6,8.15,4.59,2.47,53.9,7.42,4.77,64.2,57.59,50.04,86.9,7.36,4.29,58.2,0.42,0.0,0.0,0.0,27,20.0,CB,1.0
Wilson Odobert,Premier League,24,980,0.0,0.18,-0.18,2.02,0.73,0.0,0.09,15.06,188.0,12.5,9.28,102.8,1.0,0.37,0.0,0.83,0.0,0.92,0.09,4.96,0.0,1.19,7.99,4.04,50.6,1.56,0.46,29.4,29.85,25.35,84.9,15.15,12.58,83.0,2.57,0.73,28.6,0.09,21,20.0,W,3.0
Wouter Burger,Bundesliga,30,2440,0.15,0.13,0.02,1.33,0.48,11.11,0.1,7.86,73.2,9.3,3.73,35.3,0.3,0.18,0.0,0.26,0.04,2.66,0.63,4.94,0.22,2.69,7.34,3.25,44.2,4.28,2.47,57.8,50.2,38.91,77.5,19.11,13.32,69.7,1.33,0.3,22.2,0.33,25,20.0,DM,
Jaidon Anthony,Premier League,37,2735,0.26,0.17,0.09,1.81,0.76,14.55,0.09,12.34,141.5,11.5,6.58,70.5,0.4,0.66,0.1,0.39,0.03,1.38,0.49,4.64,0.23,0.89,9.38,4.01,42.8,1.22,0.39,32.4,29.52,23.59,79.9,10.86,7.8,71.8,1.74,0.3,17.0,0.13,26,20.0,W,4.0
Jaka Bijol,Premier League,25,1893,0.05,0.04,0.01,0.71,0.29,6.67,0.06,11.79,130.5,11.1,7.42,79.8,0.5,0.0,0.0,0.0,0.0,1.24,1.14,3.0,0.67,7.61,3.0,1.81,60.3,5.99,3.14,52.4,48.02,40.74,84.8,7.46,3.66,49.0,0.05,0.0,0.0,0.0,27,20.0,CB,4.0
Florentino,Premier League,31,2112,0.0,0.03,-0.03,0.55,0.09,0.0,0.05,6.9,64.3,9.3,3.07,24.6,0.3,0.13,0.0,0.04,0.0,3.84,1.75,4.82,0.6,2.39,8.99,4.47,49.8,2.17,1.02,47.1,44.4,37.97,85.5,9.84,7.29,74.0,0.47,0.04,9.1,0.13,27,20.0,DM,5.0
Marcos Llorente,La Liga,29,2184,0.0,0.08,-0.08,0.74,0.25,0.0,0.11,14.46,171.8,11.9,7.54,79.6,0.4,0.12,0.0,0.45,0.08,2.43,0.49,5.11,0.08,2.18,6.22,3.42,55.0,0.95,0.41,43.5,59.01,52.79,89.5,17.51,14.42,82.3,2.06,0.45,22.0,0.16,31,20.0,FB,1.0
Mandela Keita,Serie A,37,2991,0.03,0.02,0.01,0.48,0.15,6.25,0.04,11.95,132.4,11.1,5.39,55.1,0.3,0.3,0.03,0.18,0.03,2.23,1.32,4.63,0.33,0.93,7.67,4.81,62.7,0.96,0.57,59.4,36.41,32.2,88.4,6.8,5.24,77.0,0.09,0.0,0.0,0.0,24,20.0,DM,3.0
Marc Casadó,La Liga,24,981,0.0,0.09,-0.09,1.01,0.0,0.0,0.09,17.52,157.7,9.0,7.06,53.1,0.7,0.0,0.0,0.18,0.0,1.65,0.64,3.76,0.28,0.73,7.43,3.67,49.4,1.19,0.64,53.8,82.39,74.95,91.0,19.72,16.24,82.3,0.28,0.18,66.7,0.28,23,20.0,DM,1.0
Leopold Querfeld,Bundesliga,31,2704,0.1,0.12,-0.02,0.97,0.33,10.34,0.12,10.09,93.6,9.3,5.13,52.2,0.3,0.0,0.0,0.07,0.0,1.73,1.2,2.86,0.77,7.32,5.06,2.76,54.6,6.59,4.26,64.6,40.51,32.39,80.0,9.05,4.29,47.4,0.13,0.0,0.0,0.07,22,20.0,CB,1.0
Lorenzo Bernasconi,Serie A,23,1569,0.0,0.02,-0.02,0.52,0.06,0.0,0.04,8.6,115.3,13.4,5.39,72.4,0.8,0.06,0.0,0.23,0.06,1.66,0.8,3.04,0.34,2.12,4.07,2.35,57.7,0.92,0.29,31.3,40.61,34.19,84.2,11.99,9.18,76.6,3.5,1.03,29.5,0.0,22,20.0,W,4.0
Lutsharel Geertruida,Premier League,28,1685,0.0,0.06,-0.06,0.59,0.16,0.0,0.1,8.39,84.5,10.1,3.95,37.8,0.5,0.16,0.0,0.16,0.0,1.98,1.01,3.79,0.48,2.51,4.59,2.72,59.3,1.39,0.64,46.2,39.69,34.18,86.1,8.12,6.36,78.3,0.48,0.11,22.2,0.05,26,20.0,CB,1.0
Malang Sarr,Ligue 1,33,2925,0.0,0.04,-0.04,0.71,0.15,0.0,0.06,14.25,150.5,10.6,7.75,78.9,0.3,0.09,0.0,0.06,0.0,2.0,2.34,5.38,0.77,4.03,4.31,2.89,67.1,2.58,1.57,60.7,61.38,54.34,88.5,10.92,8.28,75.8,0.31,0.15,50.0,0.03,27,20.0,CB,
Nnamdi Collins,Bundesliga,23,1497,0.06,0.03,0.03,0.24,0.06,25.0,0.11,15.69,162.6,10.4,8.72,73.7,0.5,0.06,0.0,0.06,0.06,2.95,1.5,3.19,0.06,3.43,7.7,4.69,60.9,1.98,1.14,57.6,64.69,56.69,87.6,12.44,9.5,76.3,0.24,0.06,25.0,0.0,22,20.0,CB,4.0
Nicola Zalewski,Serie A,33,1906,0.09,0.13,-0.04,1.79,0.33,5.26,0.07,15.06,193.9,12.9,8.5,105.6,0.6,0.71,0.09,0.42,0.05,1.37,0.85,5.38,0.05,1.09,9.4,5.1,54.3,1.56,0.66,42.4,33.2,25.22,76.0,14.83,10.34,69.8,3.26,0.76,23.2,0.42,24,20.0,W,3.0
Emile Smith Rowe,Premier League,37,1928,0.14,0.22,-0.08,1.68,0.51,8.33,0.13,11.95,125.9,10.5,6.3,57.8,0.4,0.33,0.0,0.19,0.0,1.63,1.03,3.31,0.05,0.84,5.84,3.03,52.0,0.93,0.33,35.0,42.95,39.12,91.1,15.4,13.44,87.3,0.61,0.05,7.7,0.0,26,20.0,AM,3.0
Evan Ferguson,Serie A,16,776,0.35,0.31,0.04,3.13,1.74,11.11,0.1,6.84,79.4,11.6,2.78,24.6,1.0,0.35,0.0,0.35,0.0,0.81,0.12,1.97,0.12,0.23,7.89,2.78,35.3,5.1,1.16,22.7,19.14,14.73,77.0,8.93,6.73,75.3,0.23,0.12,50.0,0.0,21,20.0,ST,3.0
Gabriel Gudmundsson,Premier League,32,2637,0.0,0.04,-0.04,0.61,0.1,0.0,0.06,10.31,129.9,12.6,6.93,88.4,0.4,0.07,0.0,0.34,0.0,2.22,0.92,3.82,0.24,2.83,9.62,5.46,56.7,1.71,0.61,36.0,32.66,24.91,76.3,8.91,5.77,64.8,2.97,0.78,26.4,0.03,27,20.0,FB,3.0
Ismaël Doukouré,Ligue 1,25,2076,0.0,0.02,-0.02,0.3,0.13,0.0,0.06,15.78,172.5,10.9,8.37,93.8,0.5,0.09,0.0,0.0,0.0,0.87,1.0,4.25,0.52,3.29,3.55,2.12,59.8,2.21,1.26,56.9,64.12,58.74,91.6,5.85,4.03,68.9,0.13,0.04,33.3,0.3,23,20.0,CB,2.0
Jack Grealish,Premier League,20,1631,0.11,0.12,-0.01,1.43,0.44,7.69,0.08,17.99,216.7,12.0,9.82,95.9,0.5,0.55,0.06,0.77,0.17,1.16,0.66,4.8,0.33,0.61,10.32,5.63,54.5,1.27,0.22,17.4,31.62,26.6,84.1,16.44,13.13,79.9,2.15,0.55,25.6,0.33,31,20.0,W,1.0
Matthis Abline,Ligue 1,33,2519,0.21,0.28,-0.07,3.04,0.82,7.06,0.09,9.5,134.9,14.2,6.15,88.3,0.5,1.04,0.11,0.54,0.04,0.71,0.29,2.54,0.0,0.36,9.5,4.0,42.1,2.57,1.21,47.2,14.83,10.5,70.8,8.04,5.36,66.7,1.21,0.21,17.6,0.04,23,20.0,ST,5.0
David Affengruber,La Liga,36,2953,0.03,0.03,0.0,0.43,0.12,7.14,0.06,16.21,174.4,10.8,10.12,111.1,0.3,0.03,0.0,0.03,0.0,2.26,1.55,4.82,0.79,5.42,5.64,3.66,64.9,3.23,1.98,61.3,63.18,55.26,87.5,9.42,5.67,60.2,0.27,0.03,11.1,0.15,25,20.0,CB,4.0
Dan Ballard,Premier League,29,2148,0.08,0.1,-0.02,1.09,0.38,7.69,0.09,13.91,163.8,11.8,8.17,97.0,0.5,0.04,0.04,0.08,0.0,1.38,0.84,2.89,0.96,7.75,4.27,2.6,60.8,7.67,4.44,57.9,46.22,37.96,82.1,8.34,4.02,48.2,0.04,0.0,0.0,0.13,26,20.0,CB,3.0
Cher Ndour,Serie A,33,1872,0.14,0.13,0.02,1.15,0.38,12.5,0.11,8.22,83.9,10.2,2.55,17.7,0.3,0.14,0.0,0.1,0.0,1.68,0.67,3.61,0.43,1.63,6.39,3.17,49.6,3.75,1.54,41.0,36.35,30.1,82.8,11.49,8.75,76.2,0.91,0.05,5.3,0.1,22,20.0,CM,3.0
Conrad Harder,Bundesliga,29,919,0.29,0.39,-0.1,4.11,1.27,7.14,0.1,7.93,98.4,12.4,4.8,62.5,1.3,0.88,0.0,0.29,0.1,0.98,0.59,2.15,0.1,0.78,9.4,3.23,34.4,5.58,2.15,38.6,19.1,13.51,70.8,7.15,4.7,65.8,1.27,0.1,7.7,0.0,21,20.0,ST,1.0
Patrik Schick,Bundesliga,28,1995,0.72,0.77,-0.05,3.25,1.53,22.22,0.24,3.43,33.1,9.6,1.44,11.7,0.4,0.36,0.05,0.09,0.05,0.41,0.14,1.04,0.09,0.95,4.38,1.71,39.2,4.96,2.8,56.4,18.54,14.93,80.5,6.81,5.46,80.1,0.0,0.0,0.0,0.05,30,20.0,ST,4.0
Orri Óskarsson,La Liga,20,830,0.98,0.66,0.31,2.93,2.06,33.33,0.23,2.93,36.1,12.3,1.73,21.1,1.3,0.43,0.11,0.0,0.0,0.76,0.11,1.3,0.11,0.65,4.55,1.84,40.5,4.01,1.73,43.2,13.45,8.46,62.9,6.29,3.36,53.5,0.54,0.22,40.0,0.11,22,20.0,ST,4.0
Carney Chukwuemeka,Bundesliga,28,907,0.2,0.19,0.01,1.79,0.2,11.11,0.11,15.08,172.3,11.4,7.14,84.5,1.2,0.1,0.0,0.2,0.0,2.08,0.6,4.86,0.1,0.5,11.51,5.76,50.0,2.08,0.6,28.6,38.0,32.35,85.1,18.85,15.18,80.5,0.1,0.0,0.0,0.4,22,20.0,CM,4.0
Pavel Sulc,Ligue 1,27,1568,0.63,0.48,0.15,2.53,1.03,25.0,0.19,6.49,72.9,11.2,3.85,44.3,0.7,0.46,0.11,0.34,0.06,1.38,0.4,2.41,0.0,0.63,7.4,3.1,41.9,3.56,0.92,25.8,21.81,16.24,74.5,9.7,6.2,63.9,0.86,0.17,20.0,0.17,25,20.0,AM,3.0
Rocco Reitz,Bundesliga,31,2636,0.0,0.09,-0.09,1.6,0.48,0.0,0.05,10.31,117.0,11.4,5.8,65.7,0.4,0.27,0.0,0.2,0.07,2.32,1.67,4.78,0.17,1.67,9.42,4.98,52.9,1.6,0.85,53.2,42.3,32.95,77.9,13.55,8.84,65.2,1.74,0.2,11.8,0.34,24,20.0,CM,5.0
Rodrigo Mendoza,La Liga,24,1231,0.07,0.12,-0.05,1.24,0.29,5.88,0.1,13.01,138.5,10.6,7.09,68.2,0.7,0.44,0.0,0.22,0.0,1.17,0.29,4.39,0.15,0.95,9.8,4.31,44.0,2.12,0.51,24.1,47.01,40.14,85.4,16.01,12.21,76.3,0.8,0.22,27.3,0.73,21,20.0,CM,5.0
Alejandro Grimaldo,Bundesliga,29,2524,0.29,0.24,0.05,2.14,0.75,13.33,0.11,14.76,162.9,11.0,8.42,88.2,0.4,0.36,0.0,0.43,0.07,1.75,0.68,4.53,0.18,1.85,7.24,3.67,50.7,1.46,0.36,24.4,65.36,57.12,87.4,21.97,18.04,82.1,3.0,0.86,28.6,0.36,30,20.0,FB,4.0
Chema Andres,Bundesliga,25,1306,0.21,0.1,0.11,1.03,0.41,20.0,0.09,8.06,80.6,10.0,3.51,34.0,0.7,0.0,0.0,0.0,0.0,2.07,2.21,5.58,0.76,3.1,4.62,2.62,56.7,6.41,3.58,55.9,50.1,42.52,84.9,13.71,11.09,80.9,0.0,0.0,0.0,0.07,21,20.0,DM,5.0
Aleix García,Bundesliga,33,2676,0.1,0.08,0.02,1.01,0.17,10.0,0.08,19.51,203.1,10.4,8.51,75.8,0.3,0.2,0.03,0.3,0.07,0.87,0.77,4.57,0.13,1.04,2.99,1.61,53.9,0.67,0.34,50.0,102.07,94.81,92.9,26.17,22.84,87.3,1.75,0.4,23.1,0.3,29,20.0,CM,3.0
Lucas da Cunha,Serie A,36,2748,0.2,0.22,-0.02,1.34,0.52,14.63,0.16,14.25,140.7,9.9,6.42,58.6,0.3,0.2,0.0,0.23,0.03,1.87,0.59,5.5,0.03,0.56,6.55,3.21,49.0,1.31,0.56,42.5,64.88,58.56,90.3,17.59,14.15,80.5,1.34,0.43,31.7,0.13,25,20.0,CM,5.0
Afonso Moreira,Ligue 1,27,1717,0.21,0.14,0.07,2.1,0.73,10.0,0.07,15.52,201.9,13.0,9.7,128.9,0.7,0.84,0.16,0.58,0.16,1.73,0.68,4.35,0.0,0.68,12.06,5.92,49.1,2.1,0.47,22.5,28.46,23.01,80.8,12.48,9.49,76.0,3.72,0.73,19.7,0.16,21,20.0,W,5.0
Radu Dragusin,Premier League,10,515,0.0,0.06,-0.06,0.7,0.0,0.0,0.08,8.74,91.1,10.4,3.84,26.4,1.2,0.0,0.0,0.0,0.0,0.87,2.8,2.45,1.22,8.04,3.5,1.22,35.0,5.24,3.32,63.3,41.77,32.5,77.8,5.42,1.92,35.5,0.52,0.0,0.0,0.0,24,20.0,CB,1.0
