NAME,LEAGUE,MARKET_VALUE_M_EUR,AGE_IN_DATA,AGE_LOOKS_WRONG,AGE,POSITION,CONTRACT_EXPIRY
Albian Hajdari,Bundesliga,25.0,22,,,,
Aleix García,Bundesliga,20.0,28,,,,
Alejandro Grimaldo,Bundesliga,20.0,30,,,,
Aleksandar Pavlovic,Bundesliga,90.0,27,,,,
Angelo Stiller,Bundesliga,45.0,24,,,,
Antonio Nusa,Bundesliga,32.0,20,,,,
Arnaud Kalimuendo,Bundesliga,25.0,23,,,,
Arthur Theate,Bundesliga,20.0,25,,,,
Assan Ouédraogo,Bundesliga,28.0,19,,,,
Can Uzun,Bundesliga,45.0,20,,,,
Carney Chukwuemeka,Bundesliga,20.0,22,,,,
Castello Lukeba,Bundesliga,50.0,23,,,,
Chema Andres,Bundesliga,20.0,20,,,,
Chrislain Matsima,Bundesliga,22.0,23,,,,
Christoph Baumgartner,Bundesliga,40.0,26,,,,
Conrad Harder,Bundesliga,20.0,20,,,,
Daniel Svensson,Bundesliga,22.0,23,,,,
David Raum,Bundesliga,25.0,27,,,,
Dayot Upamecano,Bundesliga,75.0,35,,,,
Deniz Undav,Bundesliga,22.0,29,,,,
Ermedin Demirovic,Bundesliga,22.0,27,,,,
Ernest Poku,Bundesliga,25.0,21,,,,
Felix Nmecha,Bundesliga,55.0,25,,,,
Finn Jeltsch,Bundesliga,35.0,19,,,,
Fisnik Asllani,Bundesliga,35.0,23,,,,
Fábio Silva,Bundesliga,22.0,23,,,,
Harry Kane,Bundesliga,60.0,32,,,,
Hugo Larsson,Bundesliga,32.0,21,,,,
Igor Matanovic,Bundesliga,22.0,22,,,,
Jamal Musiala,Bundesliga,120.0,22,,,,
Jamie Leweling,Bundesliga,40.0,24,,,,
Jarell Quansah,Bundesliga,45.0,22,,,,
Jean-Mattéo Bahoya,Bundesliga,25.0,20,,,,
Jobe Bellingham,Bundesliga,40.0,20,,,,
Johan Bakayoko,Bundesliga,22.0,22,,,,
Johan Manzambi,Bundesliga,65.0,20,,,,
Jonathan Burkardt,Bundesliga,30.0,25,,,,
Jonathan Tah,Bundesliga,28.0,29,,,,
Joshua Kimmich,Bundesliga,35.0,30,,,,
Josip Stanisic,Bundesliga,40.0,25,,,,
Julian Ryerson,Bundesliga,25.0,28,,,,
Karim Adeyemi,Bundesliga,50.0,23,,,,
Karim Coulibaly,Bundesliga,28.0,18,,,,
Konrad Laimer,Bundesliga,32.0,28,,,,
Konstantinos Koulierakis,Bundesliga,25.0,22,,,,
Lennart Karl,Bundesliga,60.0,17,,,,
Leon Avdullahu,Bundesliga,30.0,21,,,,
Leopold Querfeld,Bundesliga,20.0,22,,,,
Loïc Badé,Bundesliga,25.0,25,,,,
Luka Vuskovic,Bundesliga,60.0,18,,,,
Maximilian Beier,Bundesliga,40.0,23,,,,
Michael Olise,Bundesliga,170.0,24,,,,
Nathaniel Brown,Bundesliga,50.0,22,,,,
Nico Schlotterbeck,Bundesliga,55.0,26,,,,
Nicolas Seiwald,Bundesliga,25.0,24,,,,
Nnamdi Collins,Bundesliga,20.0,21,,,,
Patrik Schick,Bundesliga,20.0,29,,,,
Ramon Hendriks,Bundesliga,25.0,24,,,,
Rocco Reitz,Bundesliga,20.0,23,,,,
Saïd El Mala,Bundesliga,45.0,19,,,,
Tom Bischof,Bundesliga,40.0,20,,,,
Wouter Burger,Bundesliga,20.0,24,,,,
Brajan Gruda,Bundesliga / Premier League,28.0,21,,,,
Alberto Moleiro,La Liga,50.0,22,,,,
Alejandro Balde,La Liga,55.0,22,,,,
Arda Güler,La Liga,90.0,28,,,,
Aurélien Tchouaméni,La Liga,70.0,43,YES,,,
Carlos Romero,La Liga,25.0,24,,,,
Dani Olmo,La Liga,60.0,27,,,,
Dani Vivian,La Liga,25.0,26,,,,
David Affengruber,La Liga,20.0,24,,,,
Dean Huijsen,La Liga,65.0,20,,,,
Dávid Hancko,La Liga,35.0,28,,,,
Eduardo Camavinga,La Liga,50.0,23,,,,
Eric García,La Liga,40.0,24,,,,
Fermín López,La Liga,100.0,22,,,,
Ferran Torres,La Liga,55.0,25,,,,
Frenkie de Jong,La Liga,35.0,28,,,,
Gavi,La Liga,30.0,21,,,,
Georges Mikautadze,La Liga,30.0,25,,,,
Gerard Martín,La Liga,35.0,23,,,,
Gonzalo García,La Liga,30.0,21,,,,
Javi Guerra,La Liga,25.0,22,,,,
Jon Gorrotxategi,La Liga,25.0,23,,,,
Jon Martín,La Liga,25.0,19,,,,
Jude Bellingham,La Liga,160.0,22,,,,
Jules Koundé,La Liga,60.0,27,,,,
Kylian Mbappé,La Liga,200.0,27,,,,
Lamine Yamal,La Liga,220.0,18,,,,
Marc Bernal,La Liga,30.0,18,,,,
Marc Casadó,La Liga,20.0,22,,,,
Marc Pubill,La Liga,35.0,22,,,,
Marcos Llorente,La Liga,20.0,30,,,,
Marcus Rashford,La Liga,40.0,28,,,,
Matteo Ruggeri,La Liga,28.0,23,,,,
Mikel Jauregizar,La Liga,35.0,22,,,,
Mikel Oyarzabal,La Liga,25.0,28,,,,
Nico Williams,La Liga,50.0,23,,,,
Oihan Sancet,La Liga,35.0,25,,,,
Orri Óskarsson,La Liga,20.0,21,,,,
Pablo Barrios,La Liga,55.0,22,,,,
Pau Cubarsí,La Liga,100.0,23,,,,
Pedri,La Liga,150.0,23,,,,
Raúl Asencio,La Liga,25.0,22,,,,
Renato Veiga,La Liga,30.0,22,,,,
Robin Le Normand,La Liga,25.0,29,,,,
Rodrigo Mendoza,La Liga,20.0,20,,,,
Sergi Altimira,La Liga,20.0,24,,,,
Trent Alexander-Arnold,La Liga,65.0,27,,,,
Víctor Muñoz,La Liga,30.0,22,,,,
Williot Swedberg,La Liga,20.0,21,,,,
Álex Baena,La Liga,45.0,24,,,,
Álvaro Carreras,La Liga,50.0,22,,,,
Conor Gallagher,La Liga / Premier League,32.0,25,,,,
Nico González,La Liga / Premier League,40.0,23,,,,
Afonso Moreira,Ligue 1,20.0,20,,,,
Arthur Vermeeren,Ligue 1,22.0,20,,,,
Bradley Barcola,Ligue 1,90.0,25,,,,
Charlie Cresswell,Ligue 1,25.0,23,,,,
Denis Zakaria,Ligue 1,25.0,29,,,,
Diego Moreira,Ligue 1,25.0,21,,,,
Désiré Doué,Ligue 1,120.0,20,,,,
Estéban Lepaul,Ligue 1,35.0,25,,,,
Fabián Ruiz,Ligue 1,30.0,29,,,,
Gonçalo Ramos,Ligue 1,50.0,24,,,,
Ismaël Doukouré,Ligue 1,20.0,22,,,,
João Neves,Ligue 1,140.0,21,,,,
Jérémy Jacquet,Ligue 1,55.0,20,,,,
Khvicha Kvaratskhelia,Ligue 1,140.0,24,,,,
Kévin Danois,Ligue 1,20.0,21,,,,
Maghnes Akliouche,Ligue 1,50.0,23,,,,
Malang Sarr,Ligue 1,20.0,26,,,,
Malick Fofana,Ligue 1,30.0,20,,,,
Mason Greenwood,Ligue 1,55.0,24,,,,
Matias Fernandez-Pardo,Ligue 1,35.0,20,,,,
Matthis Abline,Ligue 1,20.0,22,,,,
Nathan Ngoy,Ligue 1,25.0,22,,,,
Nuno Mendes,Ligue 1,80.0,33,,,,
Ousmane Dembélé,Ligue 1,100.0,17,,,,
Pavel Sulc,Ligue 1,20.0,25,,,,
Quinten Timber,Ligue 1,25.0,24,,,,
Samson Baidoo,Ligue 1,25.0,21,,,,
Senny Mayulu,Ligue 1,40.0,19,,,,
Tylel Tati,Ligue 1,25.0,17,,,,
Tyler Morton,Ligue 1,30.0,23,,,,
Vitinha,Ligue 1,140.0,25,,,,
Warren Zaïre-Emery,Ligue 1,80.0,34,,,,
Adam Wharton,Premier League,70.0,48,YES,,,
Adrien Truffert,Premier League,30.0,24,,,,
Alex Scott,Premier League,50.0,22,,,,
Alexander Isak,Premier League,100.0,18,,,,
Amadou Onana,Premier League,45.0,24,,,,
Anthony Elanga,Premier League,40.0,23,,,,
Anthony Gordon,Premier League,80.0,32,,,,
Anton Stach,Premier League,28.0,27,,,,
Archie Gray,Premier League,35.0,19,,,,
Ayden Heaven,Premier League,30.0,19,,,,
Bafodé Diakité,Premier League,30.0,24,,,,
Ben White,Premier League,30.0,28,,,,
Benjamin Sesko,Premier League,75.0,37,,,,
Bernardo Silva,Premier League,22.0,31,,,,
Boubacar Kamara,Premier League,40.0,26,,,,
Brennan Johnson,Premier League,30.0,24,,,,
Brian Brobbey,Premier League,40.0,23,,,,
Bruno Fernandes,Premier League,35.0,31,,,,
Bukayo Saka,Premier League,120.0,24,,,,
Callum Hudson-Odoi,Premier League,30.0,25,,,,
Chris Rigg,Premier League,25.0,18,,,,
Cody Gakpo,Premier League,65.0,26,,,,
Cole Palmer,Premier League,110.0,16,,,,
Conor Bradley,Premier League,25.0,22,,,,
Cristhian Mosquera,Premier League,40.0,21,,,,
Crysencio Summerville,Premier League,45.0,24,,,,
Curtis Jones,Premier League,35.0,24,,,,
Dan Ballard,Premier League,20.0,26,,,,
Dan Ndoye,Premier League,35.0,25,,,,
Declan Rice,Premier League,120.0,26,,,,
Destiny Udogie,Premier League,35.0,23,,,,
Dilane Bakwa,Premier League,28.0,23,,,,
Diogo Dalot,Premier League,30.0,26,,,,
Djed Spence,Premier League,40.0,25,,,,
Dominic Calvert-Lewin,Premier League,22.0,28,,,,
Dominic Solanke,Premier League,28.0,28,,,,
Dominik Szoboszlai,Premier League,100.0,19,,,,
Eberechi Eze,Premier League,65.0,27,,,,
Elliot Anderson,Premier League,110.0,15,,,,
Emile Smith Rowe,Premier League,20.0,25,,,,
Enzo Le Fée,Premier League,28.0,25,,,,
Erling Haaland,Premier League,220.0,25,,,,
Ethan Ampadu,Premier League,30.0,25,,,,
Ezri Konsa,Premier League,45.0,28,,,,
Ferdi Kadioglu,Premier League,35.0,26,,,,
Florentino,Premier League,20.0,26,,,,
Florian Wirtz,Premier League,100.0,21,,,,
Gabriel Gudmundsson,Premier League,20.0,26,,,,
Georginio Rutter,Premier League,30.0,23,,,,
Harry Wilson,Premier League,25.0,28,,,,
Harvey Barnes,Premier League,32.0,28,,,,
Hugo Ekitiké,Premier League,90.0,26,,,,
Ian Maatsen,Premier League,30.0,23,,,,
Ibrahima Konaté,Premier League,45.0,26,,,,
Jack Grealish,Premier League,20.0,30,,,,
Jack Hinshelwood,Premier League,28.0,20,,,,
Jacob Ramsey,Premier League,35.0,24,,,,
Jaidon Anthony,Premier League,20.0,26,,,,
Jaka Bijol,Premier League,20.0,26,,,,
James Garner,Premier League,45.0,24,,,,
James Hill,Premier League,23.0,23,,,,
Jamie Gittens,Premier League,35.0,21,,,,
Jan Paul van Hecke,Premier League,60.0,25,,,,
Jarrad Branthwaite,Premier League,40.0,23,,,,
Jarrod Bowen,Premier League,30.0,29,,,,
Jaydee Canvot,Premier League,28.0,19,,,,
Jean-Clair Todibo,Premier League,22.0,26,,,,
Jean-Philippe Mateta,Premier League,35.0,28,,,,
Jeremie Frimpong,Premier League,35.0,25,,,,
Joachim Andersen,Premier League,20.0,29,,,,
Jorrel Hato,Premier League,40.0,19,,,,
Josh Acheampong,Premier League,25.0,19,,,,
Josh King,Premier League,25.0,18,,,,
Joshua Zirkzee,Premier League,22.0,24,,,,
Josko Gvardiol,Premier League,70.0,46,YES,,,
Junior Kroupi,Premier League,70.0,50,YES,,,
Jurriën Timber,Premier League,70.0,44,YES,,,
Justin Kluivert,Premier League,30.0,26,,,,
Jérémy Doku,Premier League,75.0,36,,,,
Jørgen Strand Larsen,Premier League,45.0,25,,,,
Kai Havertz,Premier League,55.0,26,,,,
Keane Lewis-Potter,Premier League,25.0,24,,,,
Kevin Danso,Premier League,20.0,27,,,,
Kevin Schade,Premier League,35.0,24,,,,
Kiernan Dewsbury-Hall,Premier League,35.0,27,,,,
Kobbie Mainoo,Premier League,70.0,49,YES,,,
Kristoffer Ajer,Premier League,22.0,27,,,,
Ladislav Krejcí,Premier League,22.0,26,,,,
Leny Yoro,Premier League,50.0,20,,,,
Lesley Ugochukwu,Premier League,22.0,21,,,,
Lewis Hall,Premier League,40.0,21,,,,
Lewis Miley,Premier League,25.0,19,,,,
Liam Delap,Premier League,32.0,22,,,,
Lucas Bergvall,Premier League,35.0,19,,,,
Lutsharel Geertruida,Premier League,20.0,25,,,,
Malick Thiaw,Premier League,45.0,24,,,,
Malo Gusto,Premier League,35.0,22,,,,
Marc Cucurella,Premier League,60.0,27,,,,
Marc Guéhi,Premier League,70.0,41,,,,
Marcus Tavernier,Premier League,25.0,26,,,,
Martin Ødegaard,Premier League,70.0,40,,,,
Martín Zubimendi,Premier League,80.0,30,,,,
Mason Mount,Premier League,30.0,26,,,,
Mateus Fernandes,Premier League,50.0,21,,,,
Matheus Nunes,Premier League,50.0,27,,,,
Mathys Tel,Premier League,25.0,20,,,,
Mats Wieffer,Premier League,25.0,26,,,,
Matthijs de Ligt,Premier League,30.0,26,,,,
Matty Cash,Premier League,22.0,28,,,,
Maxence Lacroix,Premier League,50.0,25,,,,
Maxim De Cuyper,Premier League,22.0,25,,,,
Maxime Estève,Premier League,28.0,23,,,,
Michael Kayode,Premier League,40.0,21,,,,
Micky van de Ven,Premier League,50.0,24,,,,
Mikel Merino,Premier League,25.0,29,,,,
Mikkel Damsgaard,Premier League,30.0,25,,,,
Milos Kerkez,Premier League,35.0,22,,,,
Morgan Gibbs-White,Premier League,70.0,45,YES,,,
Morgan Rogers,Premier League,110.0,14,YES,,,
Myles Lewis-Skelly,Premier League,45.0,19,,,,
Nathan Collins,Premier League,30.0,24,,,,
Neco Williams,Premier League,28.0,24,,,,
Nick Woltemade,Premier League,65.0,23,,,,
Nico O'Reilly,Premier League,70.0,47,YES,,,
Nikola Milenkovic,Premier League,28.0,28,,,,
Noah Okafor,Premier League,25.0,25,,,,
Noni Madueke,Premier League,50.0,23,,,,
Ollie Watkins,Premier League,25.0,30,,,,
Omari Hutchinson,Premier League,30.0,22,,,,
Oscar Bobb,Premier League,30.0,22,,,,
Pascal Struijk,Premier League,22.0,26,,,,
Patrick Dorgu,Premier League,35.0,21,,,,
Pau Torres,Premier League,22.0,28,,,,
Pedro Neto,Premier League,60.0,25,,,,
Pedro Porro,Premier League,45.0,26,,,,
Phil Foden,Premier League,70.0,42,,,,
Radu Dragusin,Premier League,20.0,23,,,,
Randal Kolo Muani,Premier League,22.0,27,,,,
Rayan Cherki,Premier League,90.0,24,,,,
Reece James,Premier League,60.0,26,,,,
Riccardo Calafiori,Premier League,55.0,23,,,,
Rio Ngumoha,Premier League,30.0,17,,,,
Rodri,Premier League,65.0,29,,,,
Ryan Gravenberch,Premier League,80.0,31,,,,
Ryan Sessegnon,Premier League,22.0,25,,,,
Rúben Dias,Premier League,55.0,28,,,,
Sander Berge,Premier League,25.0,27,,,,
Sandro Tonali,Premier League,80.0,29,,,,
Sepp van den Berg,Premier League,32.0,24,,,,
Sven Botman,Premier League,35.0,25,,,,
Thierno Barry,Premier League,30.0,23,,,,
Tijjani Reijnders,Premier League,60.0,27,,,,
Tino Livramento,Premier League,45.0,23,,,,
Trai Hume,Premier League,22.0,23,,,,
Trevoh Chalobah,Premier League,40.0,26,,,,
Tyrick Mitchell,Premier League,25.0,26,,,,
Viktor Gyökeres,Premier League,65.0,27,,,,
Wesley Fofana,Premier League,28.0,25,,,,
William Osula,Premier League,28.0,22,,,,
William Saliba,Premier League,100.0,20,,,,
Wilson Odobert,Premier League,20.0,21,,,,
Xavi Simons,Premier League,50.0,22,,,,
Yasin Ayari,Premier League,40.0,22,,,,
Youri Tielemans,Premier League,40.0,28,,,,
Yéremy Pino,Premier League,30.0,23,,,,
Álex Jiménez,Premier League,22.0,20,,,,
Donyell Malen,Premier League / Serie A,45.0,26,,,,
Alessandro Bastoni,Serie A,70.0,39,,,,
Alessandro Buongiorno,Serie A,35.0,26,,,,
Alexis Saelemaekers,Serie A,20.0,26,,,,
Andrea Cambiaso,Serie A,20.0,25,,,,
Andy Diouf,Serie A,20.0,22,,,,
Ardon Jashari,Serie A,30.0,23,,,,
Arthur Atta,Serie A,25.0,22,,,,
Billy Gilmour,Serie A,20.0,24,,,,
Charles De Ketelaere,Serie A,35.0,24,,,,
Cher Ndour,Serie A,20.0,21,,,,
Christopher Nkunku,Serie A,28.0,28,,,,
Davide Bartesaghi,Serie A,23.0,20,,,,
Davide Frattesi,Serie A,22.0,26,,,,
Denzel Dumfries,Serie A,25.0,29,,,,
Dusan Vlahovic,Serie A,35.0,25,,,,
Evan Ferguson,Serie A,20.0,21,,,,
Federico Dimarco,Serie A,50.0,28,,,,
Francisco Conceição,Serie A,30.0,23,,,,
Giacomo Raspadori,Serie A,22.0,25,,,,
Gianluca Scamacca,Serie A,25.0,27,,,,
Giorgio Scalvini,Serie A,38.0,22,,,,
Honest Ahanor,Serie A,30.0,17,,,,
Isak Hien,Serie A,22.0,26,,,,
Jacobo Ramón,Serie A,30.0,20,,,,
Jayden Addai,Serie A,20.0,20,,,,
Jesús Rodríguez,Serie A,30.0,20,,,,
Jonathan Rowe,Serie A,28.0,22,,,,
Kenan Yildiz,Serie A,75.0,38,,,,
Kenneth Taylor,Serie A,25.0,23,,,,
Khéphren Thuram,Serie A,38.0,24,,,,
Koni De Winter,Serie A,23.0,23,,,,
Lloyd Kelly,Serie A,23.0,27,,,,
Lorenzo Bernasconi,Serie A,20.0,22,,,,
Loïs Openda,Serie A,32.0,25,,,,
Lucas da Cunha,Serie A,20.0,24,,,,
Mandela Keita,Serie A,20.0,23,,,,
Manu Koné,Serie A,50.0,24,,,,
Manuel Locatelli,Serie A,25.0,27,,,,
Marco Palestra,Serie A,35.0,20,,,,
Marcus Thuram,Serie A,50.0,28,,,,
Mario Gila,Serie A,30.0,25,,,,
Martin Baturina,Serie A,45.0,22,,,,
Mattéo Guendouzi,Serie A,27.0,26,,,,
Miguel Gutiérrez,Serie A,22.0,24,,,,
Moise Kean,Serie A,40.0,25,,,,
Niccolò Pisilli,Serie A,30.0,21,,,,
Nicola Zalewski,Serie A,20.0,23,,,,
Nicolò Barella,Serie A,50.0,28,,,,
Nicolò Rovella,Serie A,23.0,24,,,,
Nikola Krstovic,Serie A,30.0,25,,,,
Noa Lang,Serie A,22.0,26,,,,
Oumar Solet,Serie A,23.0,25,,,,
Petar Sucic,Serie A,45.0,22,,,,
Pierre Kalulu,Serie A,32.0,25,,,,
Rafael Leão,Serie A,65.0,26,,,,
Rasmus Højlund,Serie A,60.0,22,,,,
Sam Beukema,Serie A,25.0,27,,,,
Samuele Ricci,Serie A,22.0,24,,,,
Scott McTominay,Serie A,40.0,29,,,,
Strahinja Pavlovic,Serie A,40.0,24,,,,
Tarik Muharemovic,Serie A,35.0,22,,,,
Teun Koopmeiners,Serie A,20.0,27,,,,
Yann Bisseck,Serie A,50.0,25,,,,
Youssouf Fofana,Serie A,25.0,26,,,,
