NAME,LEAGUE,MARKET_VALUE_M_EUR,AGE_IN_DATA,STATUS,MATCHED_NAME,MATCHED_CLUB,TM_MARKET_VALUE_M_EUR,AGE,POSITION,POSITION_RAW,CONTRACT_EXPIRY,PROFILE_URL
Erling Haaland,Premier League,220.0,25,OK,Erling Haaland,Manchester City,220.0,26,ST,Centre-Forward,2034,https://www.transfermarkt.com/erling-haaland/profil/spieler/418560
Lamine Yamal,La Liga,220.0,18,OK,Lamine Yamal,FC Barcelona,220.0,19,W,Right Winger,2031,https://www.transfermarkt.com/lamine-yamal/profil/spieler/937958
Kylian Mbappé,La Liga,200.0,27,OK,Kylian Mbappé,Real Madrid,200.0,27,ST,Centre-Forward,2029,https://www.transfermarkt.com/kylian-mbappe/profil/spieler/342229
Michael Olise,Bundesliga,170.0,24,OK,Michael Olise,Bayern Munich,170.0,24,W,Right Winger,2029,https://www.transfermarkt.com/michael-olise/profil/spieler/566723
Jude Bellingham,La Liga,160.0,22,OK,Jude Bellingham,Real Madrid,160.0,23,AM,Attacking Midfield,2029,https://www.transfermarkt.com/jude-bellingham/profil/spieler/581678
Pedri,La Liga,150.0,23,OK,Pedri,FC Barcelona,150.0,23,CM,Central Midfield,2030,https://www.transfermarkt.com/pedri/profil/spieler/683840
Khvicha Kvaratskhelia,Ligue 1,140.0,24,OK,Khvicha Kvaratskhelia,Paris Saint-Germain,140.0,25,W,Left Winger,2029,https://www.transfermarkt.com/khvicha-kvaratskhelia/profil/spieler/502670
João Neves,Ligue 1,140.0,21,OK,João Neves,Paris Saint-Germain,140.0,21,CM,Central Midfield,2031,https://www.transfermarkt.com/joao-neves/profil/spieler/670681
Vitinha,Ligue 1,140.0,25,OK,Vitinha,Paris Saint-Germain,140.0,26,DM,Defensive Midfield,2029,https://www.transfermarkt.com/vitinha/profil/spieler/487469
Bukayo Saka,Premier League,120.0,24,OK,Bukayo Saka,Arsenal FC,110.0,25,W,Right Winger,2030,https://www.transfermarkt.com/bukayo-saka/profil/spieler/433177
Désiré Doué,Ligue 1,120.0,20,OK,Désiré Doué,Paris Saint-Germain,120.0,21,W,Right Winger,2029,https://www.transfermarkt.com/desire-doue/profil/spieler/914562
Jamal Musiala,Bundesliga,120.0,22,OK,Jamal Musiala,Bayern Munich,100.0,23,AM,Attacking Midfield,2030,https://www.transfermarkt.com/jamal-musiala/profil/spieler/580195
Declan Rice,Premier League,120.0,26,OK,Declan Rice,Arsenal FC,120.0,27,CM,Central Midfield,2028,https://www.transfermarkt.com/declan-rice/profil/spieler/357662
Morgan Rogers,Premier League,110.0,14,OK,Morgan Rogers,Chelsea FC,110.0,24,AM,Attacking Midfield,2033,https://www.transfermarkt.com/morgan-rogers/profil/spieler/503743
Cole Palmer,Premier League,110.0,16,OK,Cole Palmer,Chelsea FC,100.0,24,AM,Attacking Midfield,2033,https://www.transfermarkt.com/cole-palmer/profil/spieler/568177
Elliot Anderson,Premier League,110.0,15,OK,Elliot Anderson,Manchester City,110.0,23,CM,Central Midfield,2031,https://www.transfermarkt.com/elliot-anderson/profil/spieler/567576
Florian Wirtz,Premier League,100.0,21,OK,Florian Wirtz,Liverpool FC,100.0,23,AM,Attacking Midfield,2030,https://www.transfermarkt.com/florian-wirtz/profil/spieler/598577
Pau Cubarsí,La Liga,100.0,23,OK,Pau Cubarsí,FC Barcelona,100.0,19,CB,Centre-Back,2029,https://www.transfermarkt.com/pau-cubarsi/profil/spieler/962110
Ousmane Dembélé,Ligue 1,100.0,17,OK,Ousmane Dembélé,Paris Saint-Germain,100.0,29,ST,Centre-Forward,2028,https://www.transfermarkt.com/ousmane-dembele/profil/spieler/288230
Dominik Szoboszlai,Premier League,100.0,19,OK,Dominik Szoboszlai,Liverpool FC,100.0,25,AM,Attacking Midfield,2031,https://www.transfermarkt.com/dominik-szoboszlai/profil/spieler/451276
Fermín López,La Liga,100.0,22,OK,Fermín López,FC Barcelona,100.0,23,AM,Attacking Midfield,2031,https://www.transfermarkt.com/fermin-lopez/profil/spieler/636703
William Saliba,Premier League,100.0,20,OK,William Saliba,Arsenal FC,100.0,25,CB,Centre-Back,2030,https://www.transfermarkt.com/william-saliba/profil/spieler/495666
Alexander Isak,Premier League,100.0,18,OK,Alexander Isak,Liverpool FC,85.0,26,ST,Centre-Forward,2031,https://www.transfermarkt.com/alexander-isak/profil/spieler/349066
Aleksandar Pavlovic,Bundesliga,90.0,27,OK,Aleksandar Pavlovic,Bayern Munich,90.0,22,DM,Defensive Midfield,2029,https://www.transfermarkt.com/aleksandar-pavlovic/profil/spieler/792380
Arda Güler,La Liga,90.0,28,OK,Arda Güler,Real Madrid,90.0,21,AM,Attacking Midfield,2029,https://www.transfermarkt.com/arda-guler/profil/spieler/861410
Bradley Barcola,Ligue 1,90.0,25,OK,Bradley Barcola,Liverpool FC,90.0,24,W,Left Winger,2031,https://www.transfermarkt.com/bradley-barcola/profil/spieler/708265
Rayan Cherki,Premier League,90.0,24,OK,Rayan Cherki,Manchester City,90.0,23,AM,Attacking Midfield,2030,https://www.transfermarkt.com/rayan-cherki/profil/spieler/607223
Hugo Ekitiké,Premier League,90.0,26,OK,Hugo Ekitiké,Liverpool FC,80.0,24,ST,Centre-Forward,2031,https://www.transfermarkt.com/hugo-ekitike/profil/spieler/709726
Anthony Gordon,Premier League,80.0,32,OK,Anthony Gordon,FC Barcelona,80.0,25,W,Left Winger,2031,https://www.transfermarkt.com/anthony-gordon/profil/spieler/503733
Martín Zubimendi,Premier League,80.0,30,OK,Martín Zubimendi,Arsenal FC,75.0,27,DM,Defensive Midfield,2030,https://www.transfermarkt.com/martin-zubimendi/profil/spieler/423440
Warren Zaïre-Emery,Ligue 1,80.0,34,OK,Warren Zaïre-Emery,Paris Saint-Germain,80.0,20,CM,Central Midfield,2029,https://www.transfermarkt.com/warren-zaire-emery/profil/spieler/810092
Sandro Tonali,Premier League,80.0,29,OK,Sandro Tonali,Tottenham Hotspur,80.0,26,DM,Defensive Midfield,2032,https://www.transfermarkt.com/sandro-tonali/profil/spieler/397033
Ryan Gravenberch,Premier League,80.0,31,OK,Ryan Gravenberch,Liverpool FC,80.0,24,DM,Defensive Midfield,2032,https://www.transfermarkt.com/ryan-gravenberch/profil/spieler/478573
Nuno Mendes,Ligue 1,80.0,33,OK,Nuno Mendes,Paris Saint-Germain,80.0,24,FB,Left-Back,2029,https://www.transfermarkt.com/nuno-mendes/profil/spieler/616341
Benjamin Sesko,Premier League,75.0,37,OK,Benjamin Sesko,Manchester United,75.0,23,ST,Centre-Forward,2030,https://www.transfermarkt.com/benjamin-sesko/profil/spieler/627442
Jérémy Doku,Premier League,75.0,36,OK,Jérémy Doku,Manchester City,75.0,24,W,Left Winger,2031,https://www.transfermarkt.com/jeremy-doku/profil/spieler/486049
Dayot Upamecano,Bundesliga,75.0,35,OK,Dayot Upamecano,Bayern Munich,75.0,27,CB,Centre-Back,2030,https://www.transfermarkt.com/dayot-upamecano/profil/spieler/344695
Kenan Yildiz,Serie A,75.0,38,OK,Kenan Yıldız,Juventus FC,75.0,21,W,Left Winger,2030,https://www.transfermarkt.com/kenan-yildiz/profil/spieler/845654
Martin Ødegaard,Premier League,70.0,40,OK,Martin Ødegaard,Arsenal FC,70.0,27,AM,Attacking Midfield,2028,https://www.transfermarkt.com/martin-odegaard/profil/spieler/316264
Nico O'Reilly,Premier League,70.0,47,OK,Nico O'Reilly,Manchester City,70.0,21,FB,Left-Back,2030,https://www.transfermarkt.com/nico-oreilly/profil/spieler/743413
Phil Foden,Premier League,70.0,42,OK,Phil Foden,Manchester City,70.0,26,AM,Attacking Midfield,2030,https://www.transfermarkt.com/phil-foden/profil/spieler/406635
Jurriën Timber,Premier League,70.0,44,OK,Jurriën Timber,Arsenal FC,70.0,25,FB,Right-Back,2028,https://www.transfermarkt.com/jurrien-timber/profil/spieler/420243
Aurélien Tchouaméni,La Liga,70.0,43,OK,Aurélien Tchouaméni,Real Madrid,70.0,26,DM,Defensive Midfield,2028,https://www.transfermarkt.com/aurelien-tchouameni/profil/spieler/413112
Junior Kroupi,Premier League,70.0,50,OK,Junior Kroupi,AFC Bournemouth,70.0,20,ST,Centre-Forward,2030,https://www.transfermarkt.com/junior-kroupi/profil/spieler/955357
Adam Wharton,Premier League,70.0,48,OK,Adam Wharton,Crystal Palace,70.0,22,DM,Defensive Midfield,2029,https://www.transfermarkt.com/adam-wharton/profil/spieler/744149
Alessandro Bastoni,Serie A,70.0,39,OK,Alessandro Bastoni,Inter Milan,65.0,27,CB,Centre-Back,2028,https://www.transfermarkt.com/alessandro-bastoni/profil/spieler/315853
Josko Gvardiol,Premier League,70.0,46,OK,Josko Gvardiol,Manchester City,70.0,24,CB,Centre-Back,2031,https://www.transfermarkt.com/josko-gvardiol/profil/spieler/475959
Marc Guéhi,Premier League,70.0,41,OK,Marc Guéhi,Manchester City,70.0,26,CB,Centre-Back,2031,https://www.transfermarkt.com/marc-guehi/profil/spieler/392757
Morgan Gibbs-White,Premier League,70.0,45,OK,Morgan Gibbs-White,Nottingham Forest,70.0,26,AM,Attacking Midfield,2028,https://www.transfermarkt.com/morgan-gibbs-white/profil/spieler/429014
Kobbie Mainoo,Premier League,70.0,49,OK,Kobbie Mainoo,Manchester United,70.0,21,CM,Central Midfield,2031,https://www.transfermarkt.com/kobbie-mainoo/profil/spieler/820374
Cody Gakpo,Premier League,65.0,26,OK,Cody Gakpo,Liverpool FC,60.0,27,W,Left Winger,2030,https://www.transfermarkt.com/cody-gakpo/profil/spieler/434675
Eberechi Eze,Premier League,65.0,27,OK,Eberechi Eze,Arsenal FC,65.0,28,AM,Attacking Midfield,2029,https://www.transfermarkt.com/eberechi-eze/profil/spieler/479999
Rafael Leão,Serie A,65.0,26,OK,Rafael Leão,Galatasaray,50.0,27,W,Left Winger,2030,https://www.transfermarkt.com/rafael-leao/profil/spieler/357164
Trent Alexander-Arnold,La Liga,65.0,27,OK,Trent Alexander-Arnold,Real Madrid,60.0,27,FB,Right-Back,2031,https://www.transfermarkt.com/trent-alexander-arnold/profil/spieler/314353
Nick Woltemade,Premier League,65.0,23,OK,Nick Woltemade,Juventus FC,55.0,24,ST,Centre-Forward,2027,https://www.transfermarkt.com/nick-woltemade/profil/spieler/455661
Johan Manzambi,Bundesliga,65.0,20,OK,Johan Manzambi,Aston Villa,65.0,20,AM,Attacking Midfield,,https://www.transfermarkt.com/johan-manzambi/profil/spieler/927353
Viktor Gyökeres,Premier League,65.0,27,OK,Viktor Gyökeres,Arsenal FC,65.0,28,ST,Centre-Forward,2030,https://www.transfermarkt.com/viktor-gyokeres/profil/spieler/325443
Rodri,Premier League,65.0,29,OK,Rodri,FC Barcelona,55.0,30,DM,Defensive Midfield,2030,https://www.transfermarkt.com/rodri/profil/spieler/357565
Dean Huijsen,La Liga,65.0,20,OK,Dean Huijsen,Real Madrid,60.0,21,CB,Centre-Back,2030,https://www.transfermarkt.com/dean-huijsen/profil/spieler/890290
Marc Cucurella,Premier League,60.0,27,OK,Marc Cucurella,Real Madrid,60.0,28,FB,Left-Back,2032,https://www.transfermarkt.com/marc-cucurella/profil/spieler/284857
Luka Vuskovic,Bundesliga,60.0,18,OK,Luka Vuskovic,Brighton & Hove Albion,60.0,19,CB,Centre-Back,2031,https://www.transfermarkt.com/luka-vuskovic/profil/spieler/892160
Tijjani Reijnders,Premier League,60.0,27,OK,Tijjani Reijnders,Al-Qadsiah FC,50.0,28,CM,Central Midfield,,https://www.transfermarkt.com/tijjani-reijnders/profil/spieler/460939
Jan Paul van Hecke,Premier League,60.0,25,OK,Jan Paul van Hecke,Tottenham Hotspur,60.0,26,CB,Centre-Back,,https://www.transfermarkt.com/jan-paul-van-hecke/profil/spieler/576314
Lennart Karl,Bundesliga,60.0,17,OK,Lennart Karl,Bayern Munich,60.0,18,AM,Attacking Midfield,2029,https://www.transfermarkt.com/lennart-karl/profil/spieler/1075147
Jules Koundé,La Liga,60.0,27,OK,Jules Koundé,FC Barcelona,60.0,27,FB,Right-Back,2030,https://www.transfermarkt.com/jules-kounde/profil/spieler/411975
Reece James,Premier League,60.0,26,OK,Reece James,Chelsea FC,60.0,26,FB,Right-Back,2032,https://www.transfermarkt.com/reece-james/profil/spieler/472423
Rasmus Højlund,Serie A,60.0,22,OK,Rasmus Højlund,SSC Napoli,60.0,23,ST,Centre-Forward,2030,https://www.transfermarkt.com/rasmus-hojlund/profil/spieler/610442
Dani Olmo,La Liga,60.0,27,OK,Dani Olmo,FC Barcelona,60.0,28,AM,Attacking Midfield,2030,https://www.transfermarkt.com/dani-olmo/profil/spieler/293385
Harry Kane,Bundesliga,60.0,32,OK,Harry Kane,Bayern Munich,60.0,33,ST,Centre-Forward,2027,https://www.transfermarkt.com/harry-kane/profil/spieler/132098
Pedro Neto,Premier League,60.0,25,OK,Pedro Neto,Chelsea FC,60.0,26,W,Right Winger,2032,https://www.transfermarkt.com/pedro-neto/profil/spieler/487465
Kai Havertz,Premier League,55.0,26,OK,Kai Havertz,Arsenal FC,55.0,27,ST,Centre-Forward,2028,https://www.transfermarkt.com/kai-havertz/profil/spieler/309400
Jérémy Jacquet,Ligue 1,55.0,20,OK,Jérémy Jacquet,Liverpool FC,55.0,21,CB,Centre-Back,2031,https://www.transfermarkt.com/jeremy-jacquet/profil/spieler/1004301
Rúben Dias,Premier League,55.0,28,OK,Rúben Dias,Manchester City,55.0,29,CB,Centre-Back,2029,https://www.transfermarkt.com/ruben-dias/profil/spieler/258004
Alejandro Balde,La Liga,55.0,22,OK,Alejandro Balde,FC Barcelona,50.0,22,FB,Left-Back,2028,https://www.transfermarkt.com/alejandro-balde/profil/spieler/636688
Riccardo Calafiori,Premier League,55.0,23,OK,Riccardo Calafiori,Arsenal FC,55.0,24,FB,Left-Back,2029,https://www.transfermarkt.com/riccardo-calafiori/profil/spieler/502821
Ferran Torres,La Liga,55.0,25,OK,Ferran Torres,Paris Saint-Germain,55.0,26,ST,Centre-Forward,2031,https://www.transfermarkt.com/ferran-torres/profil/spieler/398184
Nico Schlotterbeck,Bundesliga,55.0,26,OK,Nico Schlotterbeck,Borussia Dortmund,55.0,26,CB,Centre-Back,2031,https://www.transfermarkt.com/nico-schlotterbeck/profil/spieler/388198
Felix Nmecha,Bundesliga,55.0,25,OK,Felix Nmecha,Borussia Dortmund,55.0,25,CM,Central Midfield,2030,https://www.transfermarkt.com/felix-nmecha/profil/spieler/406640
Mason Greenwood,Ligue 1,55.0,24,OK,Mason Greenwood,Fenerbahce,55.0,24,W,Right Winger,2030,https://www.transfermarkt.com/mason-greenwood/profil/spieler/532826
Pablo Barrios,La Liga,55.0,22,OK,Pablo Barrios,Atlético de Madrid,55.0,23,CM,Central Midfield,2030,https://www.transfermarkt.com/pablo-barrios/profil/spieler/775605
Alberto Moleiro,La Liga,50.0,22,OK,Alberto Moleiro,Villarreal CF,50.0,22,W,Left Winger,2030,https://www.transfermarkt.com/alberto-moleiro/profil/spieler/733576
Eduardo Camavinga,La Liga,50.0,23,OK,Eduardo Camavinga,Real Madrid,50.0,23,CM,Central Midfield,2029,https://www.transfermarkt.com/eduardo-camavinga/profil/spieler/640428
Maxence Lacroix,Premier League,50.0,25,OK,Maxence Lacroix,Chelsea FC,50.0,26,CB,Centre-Back,2032,https://www.transfermarkt.com/maxence-lacroix/profil/spieler/434224
Federico Dimarco,Serie A,50.0,28,OK,Federico Dimarco,Inter Milan,50.0,28,FB,Left-Back,2028,https://www.transfermarkt.com/federico-dimarco/profil/spieler/198116
Micky van de Ven,Premier League,50.0,24,OK,Micky van de Ven,Tottenham Hotspur,50.0,25,CB,Centre-Back,2031,https://www.transfermarkt.com/micky-van-de-ven/profil/spieler/557459
Nathaniel Brown,Bundesliga,50.0,22,OK,Nathaniel Brown,Bayern Munich,50.0,23,FB,Left-Back,2031,https://www.transfermarkt.com/nathaniel-brown/profil/spieler/691892
Álvaro Carreras,La Liga,50.0,22,OK,Álvaro Carreras,Real Madrid,50.0,23,FB,Left-Back,2031,https://www.transfermarkt.com/alvaro-carreras/profil/spieler/811778
Alex Scott,Premier League,50.0,22,OK,Alex Scott,AFC Bournemouth,50.0,23,CM,Central Midfield,2028,https://www.transfermarkt.com/alex-scott/profil/spieler/855256
Manu Koné,Serie A,50.0,24,OK,Manu Koné,AS Roma,50.0,25,CM,Central Midfield,2029,https://www.transfermarkt.com/manu-kone/profil/spieler/624690
Leny Yoro,Premier League,50.0,20,OK,Leny Yoro,Manchester United,50.0,20,CB,Centre-Back,2029,https://www.transfermarkt.com/leny-yoro/profil/spieler/923831
Yann Bisseck,Serie A,50.0,25,OK,Yann Bisseck,Inter Milan,50.0,25,CB,Centre-Back,2031,https://www.transfermarkt.com/yann-bisseck/profil/spieler/441986
Mateus Fernandes,Premier League,50.0,21,OK,Mateus Fernandes,Tottenham Hotspur,50.0,22,CM,Central Midfield,2031,https://www.transfermarkt.com/mateus-fernandes/profil/spieler/880245
Gonçalo Ramos,Ligue 1,50.0,24,OK,Gonçalo Ramos,AC Milan,50.0,25,ST,Centre-Forward,2031,https://www.transfermarkt.com/goncalo-ramos/profil/spieler/550550
Matheus Nunes,Premier League,50.0,27,OK,Matheus Nunes,Manchester City,50.0,28,FB,Right-Back,2028,https://www.transfermarkt.com/matheus-nunes/profil/spieler/601883
Maghnes Akliouche,Ligue 1,50.0,23,OK,Maghnes Akliouche,Paris Saint-Germain,50.0,24,W,Right Winger,2031,https://www.transfermarkt.com/maghnes-akliouche/profil/spieler/745200
Xavi Simons,Premier League,50.0,22,OK,Xavi Simons,Tottenham Hotspur,40.0,23,AM,Attacking Midfield,2030,https://www.transfermarkt.com/xavi-simons/profil/spieler/566931
Karim Adeyemi,Bundesliga,50.0,23,OK,Karim Adeyemi,FC Barcelona,40.0,24,W,Right Winger,2031,https://www.transfermarkt.com/karim-adeyemi/profil/spieler/496094
Nicolò Barella,Serie A,50.0,28,OK,Nicolò Barella,Inter Milan,50.0,29,CM,Central Midfield,2029,https://www.transfermarkt.com/nicolo-barella/profil/spieler/255942
Marcus Thuram,Serie A,50.0,28,OK,Marcus Thuram,Inter Milan,50.0,29,ST,Centre-Forward,2028,https://www.transfermarkt.com/marcus-thuram/profil/spieler/318528
Castello Lukeba,Bundesliga,50.0,23,OK,Castello Lukeba,RB Leipzig,50.0,23,CB,Centre-Back,2029,https://www.transfermarkt.com/castello-lukeba/profil/spieler/618472
Nico Williams,La Liga,50.0,23,OK,Nico Williams,Athletic Bilbao,40.0,24,W,Left Winger,2035,https://www.transfermarkt.com/nico-williams/profil/spieler/709187
Noni Madueke,Premier League,50.0,23,OK,Noni Madueke,Arsenal FC,50.0,24,W,Right Winger,2030,https://www.transfermarkt.com/noni-madueke/profil/spieler/503987
Álex Baena,La Liga,45.0,24,OK,Álex Baena,Atlético de Madrid,40.0,25,W,Left Winger,2030,https://www.transfermarkt.com/alex-baena/profil/spieler/548111
Petar Sucic,Serie A,45.0,22,OK,Petar Sučić,Inter Milan,45.0,22,CM,Central Midfield,2030,https://www.transfermarkt.com/petar-sucic/profil/spieler/668207
Saïd El Mala,Bundesliga,45.0,19,OK,Said El Mala,1.FC Köln,45.0,20,W,Left Winger,2031,https://www.transfermarkt.com/said-el-mala/profil/spieler/1168219
Jarell Quansah,Bundesliga,45.0,22,OK,Jarell Quansah,Bayer 04 Leverkusen,45.0,23,CB,Centre-Back,2030,https://www.transfermarkt.com/jarell-quansah/profil/spieler/632349
Can Uzun,Bundesliga,45.0,20,OK,Can Uzun,Eintracht Frankfurt,45.0,20,AM,Attacking Midfield,2029,https://www.transfermarkt.com/can-uzun/profil/spieler/816585
Crysencio Summerville,Premier League,45.0,24,OK,Crysencio Summerville,Al-Hilal SFC,45.0,24,W,Left Winger,2030,https://www.transfermarkt.com/crysencio-summerville/profil/spieler/474701
Pedro Porro,Premier League,45.0,26,OK,Pedro Porro,Tottenham Hotspur,45.0,27,FB,Right-Back,2031,https://www.transfermarkt.com/pedro-porro/profil/spieler/553875
Myles Lewis-Skelly,Premier League,45.0,19,OK,Myles Lewis-Skelly,Arsenal FC,45.0,19,DM,Defensive Midfield,2030,https://www.transfermarkt.com/myles-lewis-skelly/profil/spieler/890721
Donyell Malen,Premier League / Serie A,45.0,26,OK,Donyell Malen,AS Roma,45.0,27,ST,Centre-Forward,2030,https://www.transfermarkt.com/donyell-malen/profil/spieler/326029
Ibrahima Konaté,Premier League,45.0,26,OK,Ibrahima Konaté,Real Madrid,45.0,27,CB,Centre-Back,2030,https://www.transfermarkt.com/ibrahima-konate/profil/spieler/357119
Martin Baturina,Serie A,45.0,22,OK,Martin Baturina,Como 1907,45.0,23,AM,Attacking Midfield,2030,https://www.transfermarkt.com/martin-baturina/profil/spieler/580451
Ezri Konsa,Premier League,45.0,28,OK,Ezri Konsa,Arsenal FC,45.0,28,CB,Centre-Back,,https://www.transfermarkt.com/ezri-konsa/profil/spieler/413403
Malick Thiaw,Premier League,45.0,24,OK,Malick Thiaw,Newcastle United,45.0,25,CB,Centre-Back,2029,https://www.transfermarkt.com/malick-thiaw/profil/spieler/521964
Angelo Stiller,Bundesliga,45.0,24,OK,Angelo Stiller,VfB Stuttgart,45.0,25,DM,Defensive Midfield,2028,https://www.transfermarkt.com/angelo-stiller/profil/spieler/443710
Amadou Onana,Premier League,45.0,24,OK,Amadou Onana,Aston Villa,45.0,25,DM,Defensive Midfield,2029,https://www.transfermarkt.com/amadou-onana/profil/spieler/485706
James Garner,Premier League,45.0,24,OK,James Garner,Everton FC,45.0,25,DM,Defensive Midfield,2030,https://www.transfermarkt.com/james-garner/profil/spieler/505219
Tino Livramento,Premier League,45.0,23,OK,Tino Livramento,Newcastle United,45.0,23,FB,Right-Back,2028,https://www.transfermarkt.com/tino-livramento/profil/spieler/503981
Jørgen Strand Larsen,Premier League,45.0,25,OK,Jørgen Strand Larsen,Crystal Palace,40.0,26,ST,Centre-Forward,2030,https://www.transfermarkt.com/jorgen-strand-larsen/profil/spieler/429983
Strahinja Pavlovic,Serie A,40.0,24,OK,Strahinja Pavlović,AC Milan,40.0,25,CB,Centre-Back,2028,https://www.transfermarkt.com/strahinja-pavlovic/profil/spieler/574671
Scott McTominay,Serie A,40.0,29,OK,Scott McTominay,SSC Napoli,40.0,29,CM,Central Midfield,2028,https://www.transfermarkt.com/scott-mctominay/profil/spieler/315969
Maximilian Beier,Bundesliga,40.0,23,OK,Maximilian Beier,Borussia Dortmund,40.0,23,ST,Centre-Forward,2029,https://www.transfermarkt.com/maximilian-beier/profil/spieler/578392
Djed Spence,Premier League,40.0,25,OK,Djed Spence,Inter Milan,40.0,26,FB,Right-Back,2031,https://www.transfermarkt.com/djed-spence/profil/spieler/483348
Moise Kean,Serie A,40.0,25,OK,Moise Kean,Como 1907,32.0,26,ST,Centre-Forward,2027,https://www.transfermarkt.com/moise-kean/profil/spieler/364135
Eric García,La Liga,40.0,24,OK,Eric García,FC Barcelona,40.0,25,CB,Centre-Back,2031,https://www.transfermarkt.com/eric-garcia/profil/spieler/466794
Cristhian Mosquera,Premier League,40.0,21,OK,Cristhian Mosquera,Arsenal FC,40.0,22,CB,Centre-Back,2030,https://www.transfermarkt.com/cristhian-mosquera/profil/spieler/646750
Christoph Baumgartner,Bundesliga,40.0,26,OK,Christoph Baumgartner,RB Leipzig,40.0,27,AM,Attacking Midfield,2028,https://www.transfermarkt.com/christoph-baumgartner/profil/spieler/324278
Nico González,La Liga / Premier League,40.0,23,OK,Nico González,Newcastle United,40.0,24,DM,Defensive Midfield,,https://www.transfermarkt.com/nico-gonzalez/profil/spieler/466805
Michael Kayode,Premier League,40.0,21,OK,Michael Kayode,Brentford FC,40.0,22,FB,Right-Back,2032,https://www.transfermarkt.com/michael-kayode/profil/spieler/823486
Jobe Bellingham,Bundesliga,40.0,20,OK,Jobe Bellingham,Borussia Dortmund,40.0,20,CM,Central Midfield,2030,https://www.transfermarkt.com/jobe-bellingham/profil/spieler/796297
Josip Stanisic,Bundesliga,40.0,25,OK,Josip Stanisic,Bayern Munich,40.0,26,FB,Right-Back,2029,https://www.transfermarkt.com/josip-stanisic/profil/spieler/483046
Lewis Hall,Premier League,40.0,21,OK,Lewis Hall,Newcastle United,40.0,22,FB,Left-Back,,https://www.transfermarkt.com/lewis-hall/profil/spieler/670858
Marcus Rashford,La Liga,40.0,28,OK,Marcus Rashford,Manchester United,40.0,28,W,Left Winger,2028,https://www.transfermarkt.com/marcus-rashford/profil/spieler/258923
Jorrel Hato,Premier League,40.0,19,OK,Jorrel Hato,Chelsea FC,40.0,20,FB,Left-Back,2032,https://www.transfermarkt.com/jorrel-hato/profil/spieler/904802
Jarrad Branthwaite,Premier League,40.0,23,OK,Jarrad Branthwaite,Everton FC,40.0,24,CB,Centre-Back,2030,https://www.transfermarkt.com/jarrad-branthwaite/profil/spieler/661053
Jamie Leweling,Bundesliga,40.0,24,OK,Jamie Leweling,VfB Stuttgart,40.0,25,W,Right Winger,2029,https://www.transfermarkt.com/jamie-leweling/profil/spieler/518505
Trevoh Chalobah,Premier League,40.0,26,OK,Trevoh Chalobah,Como 1907,40.0,27,CB,Centre-Back,2031,https://www.transfermarkt.com/trevoh-chalobah/profil/spieler/346314
Tom Bischof,Bundesliga,40.0,20,OK,Tom Bischof,Bayern Munich,40.0,21,CM,Central Midfield,2029,https://www.transfermarkt.com/tom-bischof/profil/spieler/822959
Youri Tielemans,Premier League,40.0,28,OK,Youri Tielemans,Manchester United,40.0,29,CM,Central Midfield,2031,https://www.transfermarkt.com/youri-tielemans/profil/spieler/249565
Yasin Ayari,Premier League,40.0,22,OK,Yasin Ayari,Brighton & Hove Albion,40.0,22,CM,Central Midfield,2027,https://www.transfermarkt.com/yasin-ayari/profil/spieler/667287
Brian Brobbey,Premier League,40.0,23,OK,Brian Brobbey,Sunderland AFC,40.0,24,ST,Centre-Forward,2029,https://www.transfermarkt.com/brian-brobbey/profil/spieler/473169
Boubacar Kamara,Premier League,40.0,26,OK,Boubacar Kamara,Aston Villa,40.0,26,DM,Defensive Midfield,2030,https://www.transfermarkt.com/boubacar-kamara/profil/spieler/394327
Senny Mayulu,Ligue 1,40.0,19,OK,Senny Mayulu,Paris Saint-Germain,40.0,20,CM,Central Midfield,2031,https://www.transfermarkt.com/senny-mayulu/profil/spieler/903693
Anthony Elanga,Premier League,40.0,23,OK,Anthony Elanga,Newcastle United,32.0,24,W,Right Winger,2030,https://www.transfermarkt.com/anthony-elanga/profil/spieler/583189
Khéphren Thuram,Serie A,38.0,24,OK,Khéphren Thuram,Juventus FC,38.0,25,CM,Central Midfield,2029,https://www.transfermarkt.com/khephren-thuram/profil/spieler/463618
Giorgio Scalvini,Serie A,38.0,22,OK,Giorgio Scalvini,Atalanta BC,38.0,22,CB,Centre-Back,2028,https://www.transfermarkt.com/giorgio-scalvini/profil/spieler/571604
Bruno Fernandes,Premier League,35.0,31,OK,Bruno Fernandes,Manchester United,35.0,32,AM,Attacking Midfield,2027,https://www.transfermarkt.com/bruno-fernandes/profil/spieler/240306
Sven Botman,Premier League,35.0,25,OK,Sven Botman,Newcastle United,35.0,26,CB,Centre-Back,2030,https://www.transfermarkt.com/sven-botman/profil/spieler/361093
Alessandro Buongiorno,Serie A,35.0,26,OK,Alessandro Buongiorno,SSC Napoli,30.0,27,CB,Centre-Back,2029,https://www.transfermarkt.com/alessandro-buongiorno/profil/spieler/386446
Jean-Philippe Mateta,Premier League,35.0,28,OK,Jean-Philippe Mateta,Crystal Palace,30.0,29,ST,Centre-Forward,2027,https://www.transfermarkt.com/jean-philippe-mateta/profil/spieler/420002
Jeremie Frimpong,Premier League,35.0,25,OK,Jeremie Frimpong,Liverpool FC,35.0,25,FB,Right-Back,2030,https://www.transfermarkt.com/jeremie-frimpong/profil/spieler/484547
Jamie Gittens,Premier League,35.0,21,OK,Jamie Gittens,Chelsea FC,30.0,22,W,Left Winger,2032,https://www.transfermarkt.com/jamie-gittens/profil/spieler/670882
Kiernan Dewsbury-Hall,Premier League,35.0,27,OK,Kiernan Dewsbury-Hall,Everton FC,35.0,28,CM,Central Midfield,2030,https://www.transfermarkt.com/kiernan-dewsbury-hall/profil/spieler/475188
Lucas Bergvall,Premier League,35.0,19,OK,Lucas Bergvall,Tottenham Hotspur,35.0,20,CM,Central Midfield,2031,https://www.transfermarkt.com/lucas-bergvall/profil/spieler/866246
Joshua Kimmich,Bundesliga,35.0,30,OK,Joshua Kimmich,Bayern Munich,35.0,31,DM,Defensive Midfield,2029,https://www.transfermarkt.com/joshua-kimmich/profil/spieler/161056
Frenkie de Jong,La Liga,35.0,28,OK,Frenkie de Jong,FC Barcelona,35.0,29,CM,Central Midfield,2029,https://www.transfermarkt.com/frenkie-de-jong/profil/spieler/326330
Marc Pubill,La Liga,35.0,22,OK,Marc Pubill,Atlético de Madrid,35.0,23,CB,Centre-Back,2030,https://www.transfermarkt.com/marc-pubill/profil/spieler/844637
Fisnik Asllani,Bundesliga,35.0,23,OK,Fisnik Asllani,TSG 1899 Hoffenheim,35.0,24,ST,Centre-Forward,2029,https://www.transfermarkt.com/fisnik-asllani/profil/spieler/524290
Malo Gusto,Premier League,35.0,22,OK,Malo Gusto,Chelsea FC,35.0,23,FB,Right-Back,2030,https://www.transfermarkt.com/malo-gusto/profil/spieler/620322
Marco Palestra,Serie A,35.0,20,OK,Marco Palestra,Chelsea FC,35.0,21,FB,Right-Back,2033,https://www.transfermarkt.com/marco-palestra/profil/spieler/895937
Finn Jeltsch,Bundesliga,35.0,19,OK,Finn Jeltsch,VfB Stuttgart,35.0,20,CB,Centre-Back,2030,https://www.transfermarkt.com/finn-jeltsch/profil/spieler/924117
Kevin Schade,Premier League,35.0,24,OK,Kevin Schade,Brentford FC,35.0,24,W,Left Winger,2028,https://www.transfermarkt.com/kevin-schade/profil/spieler/473050
Milos Kerkez,Premier League,35.0,22,OK,Milos Kerkez,Liverpool FC,35.0,22,FB,Left-Back,2030,https://www.transfermarkt.com/milos-kerkez/profil/spieler/730861
Dávid Hancko,La Liga,35.0,28,OK,Dávid Hancko,Atlético de Madrid,35.0,28,CB,Centre-Back,2030,https://www.transfermarkt.com/david-hancko/profil/spieler/404418
Destiny Udogie,Premier League,35.0,23,OK,Destiny Udogie,Tottenham Hotspur,30.0,23,FB,Left-Back,2030,https://www.transfermarkt.com/destiny-udogie/profil/spieler/556385
Jacob Ramsey,Premier League,35.0,24,OK,Jacob Ramsey,Newcastle United,35.0,25,CM,Central Midfield,2030,https://www.transfermarkt.com/jacob-ramsey/profil/spieler/503749
Matias Fernandez-Pardo,Ligue 1,35.0,20,OK,Matias Fernandez-Pardo,Newcastle United,35.0,21,ST,Centre-Forward,2031,https://www.transfermarkt.com/matias-fernandez-pardo/profil/spieler/724129
Gerard Martín,La Liga,35.0,23,OK,Gerard Martín,FC Barcelona,35.0,24,CB,Centre-Back,2028,https://www.transfermarkt.com/gerard-martin/profil/spieler/705395
Dusan Vlahovic,Serie A,35.0,25,OK,Dušan Vlahović,Beşiktaş JK,35.0,26,ST,Centre-Forward,2029,https://www.transfermarkt.com/dusan-vlahovic/profil/spieler/357498
Oihan Sancet,La Liga,35.0,25,OK,Oihan Sancet,Athletic Bilbao,25.0,26,AM,Attacking Midfield,2032,https://www.transfermarkt.com/oihan-sancet/profil/spieler/571020
Patrick Dorgu,Premier League,35.0,21,OK,Patrick Dorgu,Manchester United,35.0,21,W,Left Winger,2030,https://www.transfermarkt.com/patrick-dorgu/profil/spieler/926952
Charles De Ketelaere,Serie A,35.0,24,OK,Charles De Ketelaere,Atalanta BC,35.0,25,AM,Attacking Midfield,2028,https://www.transfermarkt.com/charles-de-ketelaere/profil/spieler/435772
Curtis Jones,Premier League,35.0,24,OK,Curtis Jones,Inter Milan,35.0,25,CM,Central Midfield,2031,https://www.transfermarkt.com/curtis-jones/profil/spieler/433188
Dan Ndoye,Premier League,35.0,25,OK,Dan Ndoye,Nottingham Forest,32.0,25,W,Right Winger,2030,https://www.transfermarkt.com/dan-ndoye/profil/spieler/365108
Ferdi Kadioglu,Premier League,35.0,26,OK,Ferdi Kadıoğlu,Brighton & Hove Albion,35.0,26,FB,Left-Back,2028,https://www.transfermarkt.com/ferdi-kadioglu/profil/spieler/369316
Tarik Muharemovic,Serie A,35.0,22,OK,Tarik Muharemović,Leeds United,35.0,23,CB,Centre-Back,2031,https://www.transfermarkt.com/tarik-muharemovic/profil/spieler/679423
Estéban Lepaul,Ligue 1,35.0,25,OK,Estéban Lepaul,Stade Rennais FC,35.0,26,ST,Centre-Forward,2030,https://www.transfermarkt.com/esteban-lepaul/profil/spieler/461607
Mikel Jauregizar,La Liga,35.0,22,OK,Mikel Jauregizar,Athletic Bilbao,30.0,22,CM,Central Midfield,2031,https://www.transfermarkt.com/mikel-jauregizar/profil/spieler/938729
Archie Gray,Premier League,35.0,19,OK,Archie Gray,Tottenham Hotspur,35.0,20,FB,Right-Back,2030,https://www.transfermarkt.com/archie-gray/profil/spieler/922693
Liam Delap,Premier League,32.0,22,OK,Liam Delap,Nottingham Forest,28.0,23,ST,Centre-Forward,2031,https://www.transfermarkt.com/liam-delap/profil/spieler/610849
Konrad Laimer,Bundesliga,32.0,28,OK,Konrad Laimer,Bayern Munich,32.0,29,FB,Right-Back,2029,https://www.transfermarkt.com/konrad-laimer/profil/spieler/223967
Sepp van den Berg,Premier League,32.0,24,OK,Sepp van den Berg,Brentford FC,32.0,24,CB,Centre-Back,2029,https://www.transfermarkt.com/sepp-van-den-berg/profil/spieler/541231
Loïs Openda,Serie A,32.0,25,OK,Loïs Openda,Olympique Lyon,25.0,26,ST,Centre-Forward,2027,https://www.transfermarkt.com/lois-openda/profil/spieler/368887
Hugo Larsson,Bundesliga,32.0,21,OK,Hugo Larsson,Fulham FC,28.0,22,CM,Central Midfield,2027,https://www.transfermarkt.com/hugo-larsson/profil/spieler/931838
Antonio Nusa,Bundesliga,32.0,20,OK,Antonio Nusa,RB Leipzig,32.0,21,W,Left Winger,2029,https://www.transfermarkt.com/antonio-nusa/profil/spieler/894914
Pierre Kalulu,Serie A,32.0,25,OK,Pierre Kalulu,Juventus FC,32.0,26,CB,Centre-Back,2029,https://www.transfermarkt.com/pierre-kalulu/profil/spieler/585949
Harvey Barnes,Premier League,32.0,28,OK,Harvey Barnes,Newcastle United,32.0,28,W,Left Winger,,https://www.transfermarkt.com/harvey-barnes/profil/spieler/398065
Conor Gallagher,La Liga / Premier League,32.0,25,OK,Conor Gallagher,Tottenham Hotspur,32.0,26,CM,Central Midfield,2031,https://www.transfermarkt.com/conor-gallagher/profil/spieler/488362
Gonzalo García,La Liga,30.0,21,OK,Gonzalo García,Fulham FC,30.0,22,ST,Centre-Forward,2031,https://www.transfermarkt.com/gonzalo-garcia/profil/spieler/935230
Honest Ahanor,Serie A,30.0,17,OK,Honest Ahanor,Crystal Palace,30.0,18,CB,Centre-Back,2027,https://www.transfermarkt.com/honest-ahanor/profil/spieler/1077175
Georginio Rutter,Premier League,30.0,23,OK,Georginio Rutter,Brighton & Hove Albion,30.0,24,ST,Centre-Forward,2028,https://www.transfermarkt.com/georginio-rutter/profil/spieler/538977
Ethan Ampadu,Premier League,30.0,25,OK,Ethan Ampadu,Leeds United,30.0,26,DM,Defensive Midfield,2030,https://www.transfermarkt.com/ethan-ampadu/profil/spieler/392771
Diogo Dalot,Premier League,30.0,26,OK,Diogo Dalot,Manchester United,30.0,27,FB,Right-Back,2028,https://www.transfermarkt.com/diogo-dalot/profil/spieler/357147
Matthijs de Ligt,Premier League,30.0,26,OK,Matthijs de Ligt,Manchester United,30.0,27,CB,Centre-Back,2029,https://www.transfermarkt.com/matthijs-de-ligt/profil/spieler/326031
Mason Mount,Premier League,30.0,26,OK,Mason Mount,Manchester United,25.0,27,AM,Attacking Midfield,2028,https://www.transfermarkt.com/mason-mount/profil/spieler/346483
Niccolò Pisilli,Serie A,30.0,21,OK,Niccolò Pisilli,AS Roma,30.0,21,CM,Central Midfield,2029,https://www.transfermarkt.com/niccolo-pisilli/profil/spieler/813137
Ian Maatsen,Premier League,30.0,23,OK,Ian Maatsen,Aston Villa,30.0,24,FB,Left-Back,2030,https://www.transfermarkt.com/ian-maatsen/profil/spieler/485585
Gavi,La Liga,30.0,21,OK,Gavi,FC Barcelona,30.0,22,CM,Central Midfield,2030,https://www.transfermarkt.com/gavi/profil/spieler/646740
Mikkel Damsgaard,Premier League,30.0,25,OK,Mikkel Damsgaard,Brentford FC,30.0,26,AM,Attacking Midfield,2030,https://www.transfermarkt.com/mikkel-damsgaard/profil/spieler/540941
Jesús Rodríguez,Serie A,30.0,20,OK,Jesús Rodríguez,Como 1907,30.0,20,W,Left Winger,2030,https://www.transfermarkt.com/jesus-rodriguez/profil/spieler/1190411
Jonathan Burkardt,Bundesliga,30.0,25,OK,Jonathan Burkardt,Eintracht Frankfurt,30.0,26,ST,Centre-Forward,2030,https://www.transfermarkt.com/jonathan-burkardt/profil/spieler/333647
Víctor Muñoz,La Liga,30.0,22,OK,Víctor Muñoz,Liverpool FC,30.0,23,W,Left Winger,2032,https://www.transfermarkt.com/victor-munoz/profil/spieler/935231
Yéremy Pino,Premier League,30.0,23,OK,Yéremy Pino,Crystal Palace,30.0,23,W,Left Winger,2030,https://www.transfermarkt.com/yeremy-pino/profil/spieler/568157
Tyler Morton,Ligue 1,30.0,23,OK,Tyler Morton,Olympique Lyon,30.0,23,DM,Defensive Midfield,2030,https://www.transfermarkt.com/tyler-morton/profil/spieler/618494
Jacobo Ramón,Serie A,30.0,20,OK,Jacobo Ramón,Como 1907,30.0,21,CB,Centre-Back,2030,https://www.transfermarkt.com/jacobo-ramon/profil/spieler/948278
Thierno Barry,Premier League,30.0,23,OK,Thierno Barry,Everton FC,30.0,23,ST,Centre-Forward,2029,https://www.transfermarkt.com/thierno-barry/profil/spieler/937941
Adrien Truffert,Premier League,30.0,24,OK,Adrien Truffert,AFC Bournemouth,30.0,24,FB,Left-Back,2030,https://www.transfermarkt.com/adrien-truffert/profil/spieler/654539
Mario Gila,Serie A,30.0,25,OK,Mario Gila,AC Milan,30.0,26,CB,Centre-Back,2031,https://www.transfermarkt.com/mario-gila/profil/spieler/618341
Georges Mikautadze,La Liga,30.0,25,OK,Georges Mikautadze,Villarreal CF,30.0,25,ST,Centre-Forward,2031,https://www.transfermarkt.com/georges-mikautadze/profil/spieler/729814
Nathan Collins,Premier League,30.0,24,OK,Nathan Collins,Brentford FC,30.0,25,CB,Centre-Back,2029,https://www.transfermarkt.com/nathan-collins/profil/spieler/469050
Fabián Ruiz,Ligue 1,30.0,29,OK,Fabián Ruiz,Paris Saint-Germain,30.0,30,CM,Central Midfield,2028,https://www.transfermarkt.com/fabian-ruiz/profil/spieler/350219
Renato Veiga,La Liga,30.0,22,OK,Renato Veiga,Villarreal CF,30.0,23,CB,Centre-Back,2032,https://www.transfermarkt.com/renato-veiga/profil/spieler/805714
Nikola Krstovic,Serie A,30.0,25,OK,Nikola Krstović,Atalanta BC,30.0,26,ST,Centre-Forward,2030,https://www.transfermarkt.com/nikola-krstovic/profil/spieler/434433
Callum Hudson-Odoi,Premier League,30.0,25,OK,Callum Hudson-Odoi,Nottingham Forest,30.0,25,W,Left Winger,2028,https://www.transfermarkt.com/callum-hudson-odoi/profil/spieler/392768
Rio Ngumoha,Premier League,30.0,17,OK,Rio Ngumoha,Liverpool FC,30.0,18,W,Left Winger,2028,https://www.transfermarkt.com/rio-ngumoha/profil/spieler/1108466
Oscar Bobb,Premier League,30.0,22,OK,Oscar Bobb,Fulham FC,28.0,23,W,Right Winger,2031,https://www.transfermarkt.com/oscar-bobb/profil/spieler/661207
Omari Hutchinson,Premier League,30.0,22,OK,Omari Hutchinson,AC Milan,30.0,22,W,Right Winger,2027,https://www.transfermarkt.com/omari-hutchinson/profil/spieler/741238
Jarrod Bowen,Premier League,30.0,29,OK,Jarrod Bowen,West Ham United,30.0,29,W,Right Winger,2030,https://www.transfermarkt.com/jarrod-bowen/profil/spieler/314875
Francisco Conceição,Serie A,30.0,23,OK,Francisco Conceição,Juventus FC,30.0,23,W,Right Winger,2030,https://www.transfermarkt.com/francisco-conceicao/profil/spieler/487474
Malick Fofana,Ligue 1,30.0,20,OK,Malick Fofana,Sunderland AFC,30.0,21,W,Left Winger,2031,https://www.transfermarkt.com/malick-fofana/profil/spieler/743386
Marc Bernal,La Liga,30.0,18,OK,Marc Bernal,FC Barcelona,30.0,19,CM,Central Midfield,2029,https://www.transfermarkt.com/marc-bernal/profil/spieler/1018920
Leon Avdullahu,Bundesliga,30.0,21,OK,Leon Avdullahu,TSG 1899 Hoffenheim,30.0,22,DM,Defensive Midfield,2031,https://www.transfermarkt.com/leon-avdullahu/profil/spieler/667457
Ayden Heaven,Premier League,30.0,19,OK,Ayden Heaven,Manchester United,30.0,19,CB,Centre-Back,2029,https://www.transfermarkt.com/ayden-heaven/profil/spieler/1078163
Ben White,Premier League,30.0,28,OK,Ben White,Arsenal FC,30.0,28,FB,Right-Back,2028,https://www.transfermarkt.com/ben-white/profil/spieler/335721
Justin Kluivert,Premier League,30.0,26,OK,Justin Kluivert,AFC Bournemouth,25.0,27,AM,Attacking Midfield,2028,https://www.transfermarkt.com/justin-kluivert/profil/spieler/330659
Bafodé Diakité,Premier League,30.0,24,OK,Bafodé Diakité,AFC Bournemouth,25.0,25,CB,Centre-Back,2030,https://www.transfermarkt.com/bafode-diakite/profil/spieler/463605
Ardon Jashari,Serie A,30.0,23,OK,Ardon Jashari,AC Milan,25.0,24,DM,Defensive Midfield,2030,https://www.transfermarkt.com/ardon-jashari/profil/spieler/608172
Brennan Johnson,Premier League,30.0,24,OK,Brennan Johnson,Everton FC,30.0,25,W,Right Winger,2030,https://www.transfermarkt.com/brennan-johnson/profil/spieler/470607
Anton Stach,Premier League,28.0,27,OK,Anton Stach,Leeds United,28.0,27,DM,Defensive Midfield,2029,https://www.transfermarkt.com/anton-stach/profil/spieler/344069
Brajan Gruda,Bundesliga / Premier League,28.0,21,OK,Brajan Gruda,RB Leipzig,28.0,22,AM,Attacking Midfield,2027,https://www.transfermarkt.com/brajan-gruda/profil/spieler/700106
Jonathan Rowe,Serie A,28.0,22,OK,Jonathan Rowe,Atalanta BC,28.0,23,W,Left Winger,2027,https://www.transfermarkt.com/jonathan-rowe/profil/spieler/672381
Jonathan Tah,Bundesliga,28.0,29,OK,Jonathan Tah,Bayern Munich,28.0,30,CB,Centre-Back,2029,https://www.transfermarkt.com/jonathan-tah/profil/spieler/196357
Karim Coulibaly,Bundesliga,28.0,18,OK,Karim Coulibaly,RC Strasbourg Alsace,28.0,19,CB,Centre-Back,2031,https://www.transfermarkt.com/karim-coulibaly/profil/spieler/1084638
Dilane Bakwa,Premier League,28.0,23,OK,Dilane Bakwa,LOSC Lille,28.0,24,W,Right Winger,2027,https://www.transfermarkt.com/dilane-bakwa/profil/spieler/540664
Christopher Nkunku,Serie A,28.0,28,OK,Christopher Nkunku,RB Leipzig,25.0,28,ST,Centre-Forward,2027,https://www.transfermarkt.com/christopher-nkunku/profil/spieler/344381
Nikola Milenkovic,Premier League,28.0,28,OK,Nikola Milenković,Nottingham Forest,28.0,28,CB,Centre-Back,2029,https://www.transfermarkt.com/nikola-milenkovic/profil/spieler/413507
Neco Williams,Premier League,28.0,24,OK,Neco Williams,Nottingham Forest,28.0,25,FB,Left-Back,2030,https://www.transfermarkt.com/neco-williams/profil/spieler/503680
Matteo Ruggeri,La Liga,28.0,23,OK,Matteo Ruggeri,Aston Villa,28.0,24,FB,Left-Back,,https://www.transfermarkt.com/matteo-ruggeri/profil/spieler/616631
Wesley Fofana,Premier League,28.0,25,OK,Wesley Fofana,Chelsea FC,28.0,25,CB,Centre-Back,2029,https://www.transfermarkt.com/wesley-fofana/profil/spieler/475411
Assan Ouédraogo,Bundesliga,28.0,19,OK,Assan Ouédraogo,RB Leipzig,28.0,20,CM,Central Midfield,2029,https://www.transfermarkt.com/assan-ouedraogo/profil/spieler/897424
William Osula,Premier League,28.0,22,OK,William Osula,Newcastle United,28.0,23,ST,Centre-Forward,2029,https://www.transfermarkt.com/william-osula/profil/spieler/609556
Jaydee Canvot,Premier League,28.0,19,OK,Jaydee Canvot,Crystal Palace,28.0,20,CB,Centre-Back,2029,https://www.transfermarkt.com/jaydee-canvot/profil/spieler/1006411
Enzo Le Fée,Premier League,28.0,25,OK,Enzo Le Fée,Sunderland AFC,28.0,26,CM,Central Midfield,2029,https://www.transfermarkt.com/enzo-le-fee/profil/spieler/633992
Maxime Estève,Premier League,28.0,23,OK,Maxime Estève,RB Leipzig,28.0,24,CB,Centre-Back,2031,https://www.transfermarkt.com/maxime-esteve/profil/spieler/842341
Dominic Solanke,Premier League,28.0,28,OK,Dominic Solanke,Tottenham Hotspur,28.0,29,ST,Centre-Forward,2030,https://www.transfermarkt.com/dominic-solanke/profil/spieler/258889
Jack Hinshelwood,Premier League,28.0,20,OK,Jack Hinshelwood,Brighton & Hove Albion,28.0,21,DM,Defensive Midfield,2029,https://www.transfermarkt.com/jack-hinshelwood/profil/spieler/867688
Mattéo Guendouzi,Serie A,27.0,26,OK,Mattéo Guendouzi,Fenerbahce,27.0,27,CM,Central Midfield,2030,https://www.transfermarkt.com/matteo-guendouzi/profil/spieler/465830
Manuel Locatelli,Serie A,25.0,27,OK,Manuel Locatelli,Juventus FC,25.0,28,DM,Defensive Midfield,2030,https://www.transfermarkt.com/manuel-locatelli/profil/spieler/265088
Marcus Tavernier,Premier League,25.0,26,OK,Marcus Tavernier,AFC Bournemouth,25.0,27,W,Left Winger,2029,https://www.transfermarkt.com/marcus-tavernier/profil/spieler/399434
Albian Hajdari,Bundesliga,25.0,22,OK,Albian Hajdari,TSG 1899 Hoffenheim,25.0,23,CB,Centre-Back,2031,https://www.transfermarkt.com/albian-hajdari/profil/spieler/579459
Quinten Timber,Ligue 1,25.0,24,OK,Quinten Timber,Crystal Palace,25.0,25,CM,Central Midfield,2031,https://www.transfermarkt.com/quinten-timber/profil/spieler/420213
Robin Le Normand,La Liga,25.0,29,OK,Robin Le Normand,Atlético de Madrid,20.0,29,CB,Centre-Back,2029,https://www.transfermarkt.com/robin-le-normand/profil/spieler/351809
Samson Baidoo,Ligue 1,25.0,21,OK,Samson Baidoo,RC Lens,25.0,22,CB,Centre-Back,2030,https://www.transfermarkt.com/samson-baidoo/profil/spieler/655217
Ramon Hendriks,Bundesliga,25.0,24,OK,Ramon Hendriks,VfB Stuttgart,25.0,25,CB,Centre-Back,2028,https://www.transfermarkt.com/ramon-hendriks/profil/spieler/436064
Sam Beukema,Serie A,25.0,27,OK,Sam Beukema,SSC Napoli,22.0,27,CB,Centre-Back,2030,https://www.transfermarkt.com/sam-beukema/profil/spieler/433984
Sander Berge,Premier League,25.0,27,OK,Sander Berge,Fulham FC,25.0,28,DM,Defensive Midfield,2029,https://www.transfermarkt.com/sander-berge/profil/spieler/333014
Raúl Asencio,La Liga,25.0,22,OK,Raúl Asencio,Real Madrid,20.0,23,CB,Centre-Back,2031,https://www.transfermarkt.com/raul-asencio/profil/spieler/935245
Dani Vivian,La Liga,25.0,26,OK,Dani Vivian,Athletic Bilbao,20.0,27,CB,Centre-Back,2032,https://www.transfermarkt.com/dani-vivian/profil/spieler/524000
Chris Rigg,Premier League,25.0,18,OK,Chris Rigg,Sunderland AFC,25.0,19,AM,Attacking Midfield,2030,https://www.transfermarkt.com/chris-rigg/profil/spieler/947411
David Raum,Bundesliga,25.0,27,OK,David Raum,RB Leipzig,25.0,28,FB,Left-Back,2027,https://www.transfermarkt.com/david-raum/profil/spieler/318204
Conor Bradley,Premier League,25.0,22,OK,Conor Bradley,Liverpool FC,25.0,23,FB,Right-Back,2029,https://www.transfermarkt.com/conor-bradley/profil/spieler/624258
Charlie Cresswell,Ligue 1,25.0,23,OK,Charlie Cresswell,Stade Rennais FC,25.0,24,CB,Centre-Back,2027,https://www.transfermarkt.com/charlie-cresswell/profil/spieler/597659
Carlos Romero,La Liga,25.0,24,OK,Carlos Romero,Villarreal CF,25.0,24,FB,Left-Back,2031,https://www.transfermarkt.com/carlos-romero/profil/spieler/709372
Ollie Watkins,Premier League,25.0,30,OK,Ollie Watkins,Al-Hilal SFC,25.0,30,ST,Centre-Forward,2029,https://www.transfermarkt.com/ollie-watkins/profil/spieler/324358
Noah Okafor,Premier League,25.0,25,OK,Noah Okafor,Leeds United,25.0,26,W,Left Winger,2029,https://www.transfermarkt.com/noah-okafor/profil/spieler/346890
Mikel Oyarzabal,La Liga,25.0,28,OK,Mikel Oyarzabal,Real Sociedad,25.0,29,ST,Centre-Forward,2028,https://www.transfermarkt.com/mikel-oyarzabal/profil/spieler/351478
Keane Lewis-Potter,Premier League,25.0,24,OK,Keane Lewis-Potter,Brentford FC,25.0,25,W,Left Midfield,2031,https://www.transfermarkt.com/keane-lewis-potter/profil/spieler/644401
Julian Ryerson,Bundesliga,25.0,28,OK,Julian Ryerson,Borussia Dortmund,25.0,28,FB,Right-Back,2028,https://www.transfermarkt.com/julian-ryerson/profil/spieler/370789
Konstantinos Koulierakis,Bundesliga,25.0,22,OK,Konstantinos Koulierakis,AS Roma,25.0,22,CB,Centre-Back,2031,https://www.transfermarkt.com/konstantinos-koulierakis/profil/spieler/669380
Kenneth Taylor,Serie A,25.0,23,OK,Kenneth Taylor,SS Lazio,25.0,24,CM,Central Midfield,2030,https://www.transfermarkt.com/kenneth-taylor/profil/spieler/470394
Denis Zakaria,Ligue 1,25.0,29,OK,Denis Zakaria,AS Monaco,25.0,29,DM,Defensive Midfield,2028,https://www.transfermarkt.com/denis-zakaria/profil/spieler/334526
Nicolas Seiwald,Bundesliga,25.0,24,OK,Nicolas Seiwald,RB Leipzig,25.0,25,DM,Defensive Midfield,2028,https://www.transfermarkt.com/nicolas-seiwald/profil/spieler/404950
Diego Moreira,Ligue 1,25.0,21,OK,Diego Moreira,AC Milan,25.0,22,W,Left Midfield,2031,https://www.transfermarkt.com/diego-moreira/profil/spieler/655006
Mats Wieffer,Premier League,25.0,26,OK,Mats Wieffer,Brighton & Hove Albion,25.0,26,FB,Right-Back,2029,https://www.transfermarkt.com/mats-wieffer/profil/spieler/415381
Mathys Tel,Premier League,25.0,20,OK,Mathys Tel,Tottenham Hotspur,22.0,21,W,Left Winger,2031,https://www.transfermarkt.com/mathys-tel/profil/spieler/801734
Gianluca Scamacca,Serie A,25.0,27,OK,Gianluca Scamacca,Atalanta BC,25.0,27,ST,Centre-Forward,2028,https://www.transfermarkt.com/gianluca-scamacca/profil/spieler/315867
Harry Wilson,Premier League,25.0,28,OK,Harry Wilson,Leeds United,25.0,29,W,Right Winger,2030,https://www.transfermarkt.com/harry-wilson/profil/spieler/279455
Ernest Poku,Bundesliga,25.0,21,OK,Ernest Poku,Beşiktaş JK,25.0,22,W,Right Winger,2027,https://www.transfermarkt.com/ernest-poku/profil/spieler/718303
Nathan Ngoy,Ligue 1,25.0,22,OK,Nathan Ngoy,LOSC Lille,25.0,23,CB,Centre-Back,2029,https://www.transfermarkt.com/nathan-ngoy/profil/spieler/548254
Denzel Dumfries,Serie A,25.0,29,OK,Denzel Dumfries,Real Madrid,25.0,30,FB,Right-Back,2030,https://www.transfermarkt.com/denzel-dumfries/profil/spieler/321528
Mikel Merino,Premier League,25.0,29,OK,Mikel Merino,Arsenal FC,25.0,30,CM,Central Midfield,2028,https://www.transfermarkt.com/mikel-merino/profil/spieler/338424
Tylel Tati,Ligue 1,25.0,17,OK,Tylel Tati,FC Nantes,25.0,18,CB,Centre-Back,2030,https://www.transfermarkt.com/tylel-tati/profil/spieler/1241207
Lewis Miley,Premier League,25.0,19,OK,Lewis Miley,Newcastle United,25.0,20,CM,Central Midfield,2032,https://www.transfermarkt.com/lewis-miley/profil/spieler/922769
Josh Acheampong,Premier League,25.0,19,OK,Josh Acheampong,Chelsea FC,25.0,20,CB,Centre-Back,2029,https://www.transfermarkt.com/josh-acheampong/profil/spieler/1004708
Josh King,Premier League,25.0,18,OK,Josh King,Fulham FC,25.0,19,AM,Attacking Midfield,2029,https://www.transfermarkt.com/josh-king/profil/spieler/1011131
Javi Guerra,La Liga,25.0,22,OK,Javi Guerra,Valencia CF,25.0,23,CM,Central Midfield,2029,https://www.transfermarkt.com/javi-guerra/profil/spieler/834764
Jean-Mattéo Bahoya,Bundesliga,25.0,20,OK,Jean-Mattéo Bahoya,Leeds United,25.0,21,W,Left Winger,2027,https://www.transfermarkt.com/jean-matteo-bahoya/profil/spieler/939964
Jon Gorrotxategi,La Liga,25.0,23,OK,Jon Gorrotxategi,Real Sociedad,25.0,24,DM,Defensive Midfield,2030,https://www.transfermarkt.com/jon-gorrotxategi/profil/spieler/711374
Jon Martín,La Liga,25.0,19,OK,Jon Martín,Real Sociedad,25.0,20,CB,Centre-Back,2032,https://www.transfermarkt.com/jon-martin/profil/spieler/1018938
Loïc Badé,Bundesliga,25.0,25,OK,Loïc Badé,Bayer 04 Leverkusen,20.0,26,CB,Centre-Back,2030,https://www.transfermarkt.com/loic-bade/profil/spieler/730581
Youssouf Fofana,Serie A,25.0,26,OK,Youssouf Fofana,Sevilla FC,23.0,27,DM,Defensive Midfield,2027,https://www.transfermarkt.com/youssouf-fofana/profil/spieler/569598
Tyrick Mitchell,Premier League,25.0,26,OK,Tyrick Mitchell,Crystal Palace,25.0,27,FB,Left-Back,2027,https://www.transfermarkt.com/tyrick-mitchell/profil/spieler/730893
Arthur Atta,Serie A,25.0,22,OK,Arthur Atta,ACF Fiorentina,25.0,23,CM,Central Midfield,2031,https://www.transfermarkt.com/arthur-atta/profil/spieler/855308
Arnaud Kalimuendo,Bundesliga,25.0,23,OK,Arnaud Kalimuendo,Nottingham Forest,25.0,24,ST,Centre-Forward,2030,https://www.transfermarkt.com/arnaud-kalimuendo/profil/spieler/585959
Lloyd Kelly,Serie A,23.0,27,OK,Lloyd Kelly,Juventus FC,23.0,27,CB,Centre-Back,2029,https://www.transfermarkt.com/lloyd-kelly/profil/spieler/480116
James Hill,Premier League,23.0,23,OK,James Hill,AFC Bournemouth,23.0,24,CB,Centre-Back,2029,https://www.transfermarkt.com/james-hill/profil/spieler/611793
Koni De Winter,Serie A,23.0,23,OK,Koni De Winter,AC Milan,23.0,24,CB,Centre-Back,2030,https://www.transfermarkt.com/koni-de-winter/profil/spieler/490384
Oumar Solet,Serie A,23.0,25,OK,Oumar Solet,Udinese Calcio,23.0,26,CB,Centre-Back,2027,https://www.transfermarkt.com/oumar-solet/profil/spieler/463665
Nicolò Rovella,Serie A,23.0,24,OK,Nicolò Rovella,SS Lazio,23.0,24,DM,Defensive Midfield,2028,https://www.transfermarkt.com/nicolo-rovella/profil/spieler/525704
Davide Bartesaghi,Serie A,23.0,20,OK,Davide Bartesaghi,AC Milan,22.0,20,FB,Left-Back,2030,https://www.transfermarkt.com/davide-bartesaghi/profil/spieler/887638
Bernardo Silva,Premier League,22.0,31,OK,Bernardo Silva,Real Madrid,22.0,32,AM,Attacking Midfield,2028,https://www.transfermarkt.com/bernardo-silva/profil/spieler/241641
Igor Matanovic,Bundesliga,22.0,22,OK,Igor Matanovic,SC Freiburg,22.0,23,ST,Centre-Forward,,https://www.transfermarkt.com/igor-matanovic/profil/spieler/605268
Álex Jiménez,Premier League,22.0,20,OK,Álex Jiménez,ACF Fiorentina,22.0,21,FB,Right-Back,2027,https://www.transfermarkt.com/alex-jimenez/profil/spieler/741257
Ryan Sessegnon,Premier League,22.0,25,OK,Ryan Sessegnon,Fulham FC,22.0,26,FB,Left-Back,2027,https://www.transfermarkt.com/ryan-sessegnon/profil/spieler/392775
Ladislav Krejcí,Premier League,22.0,26,OK,Ladislav Krejci,Wolverhampton Wanderers,22.0,27,CB,Centre-Back,2030,https://www.transfermarkt.com/ladislav-krejci/profil/spieler/345911
Jean-Clair Todibo,Premier League,22.0,26,OK,Jean-Clair Todibo,RC Lens,22.0,26,CB,Centre-Back,2027,https://www.transfermarkt.com/jean-clair-todibo/profil/spieler/605184
Johan Bakayoko,Bundesliga,22.0,22,OK,Johan Bakayoko,RB Leipzig,20.0,23,W,Right Winger,2030,https://www.transfermarkt.com/johan-bakayoko/profil/spieler/565424
Trai Hume,Premier League,22.0,23,OK,Trai Hume,Sunderland AFC,22.0,24,FB,Right-Back,2030,https://www.transfermarkt.com/trai-hume/profil/spieler/515544
Arthur Vermeeren,Ligue 1,22.0,20,OK,Arthur Vermeeren,Royal Antwerp FC,20.0,21,DM,Defensive Midfield,2027,https://www.transfermarkt.com/arthur-vermeeren/profil/spieler/926694
Joshua Zirkzee,Premier League,22.0,24,OK,Joshua Zirkzee,Manchester United,20.0,25,ST,Centre-Forward,2029,https://www.transfermarkt.com/joshua-zirkzee/profil/spieler/435648
Fábio Silva,Bundesliga,22.0,23,OK,Fábio Silva,Borussia Dortmund,22.0,24,ST,Centre-Forward,2030,https://www.transfermarkt.com/fabio-silva/profil/spieler/505653
Kristoffer Ajer,Premier League,22.0,27,OK,Kristoffer Ajer,Brentford FC,22.0,28,CB,Centre-Back,2030,https://www.transfermarkt.com/kristoffer-ajer/profil/spieler/328658
Lesley Ugochukwu,Premier League,22.0,21,OK,Lesley Ugochukwu,Galatasaray,22.0,22,DM,Defensive Midfield,2027,https://www.transfermarkt.com/lesley-ugochukwu/profil/spieler/711999
Pascal Struijk,Premier League,22.0,26,OK,Pascal Struijk,Brighton & Hove Albion,22.0,27,CB,Centre-Back,2031,https://www.transfermarkt.com/pascal-struijk/profil/spieler/410708
Chrislain Matsima,Bundesliga,22.0,23,OK,Chrislain Matsima,FC Augsburg,22.0,24,CB,Centre-Back,2030,https://www.transfermarkt.com/chrislain-matsima/profil/spieler/569383
Davide Frattesi,Serie A,22.0,26,OK,Davide Frattesi,SS Lazio,22.0,26,CM,Central Midfield,2027,https://www.transfermarkt.com/davide-frattesi/profil/spieler/394300
Noa Lang,Serie A,22.0,26,OK,Noa Lang,SSC Napoli,22.0,27,W,Left Winger,2030,https://www.transfermarkt.com/noa-lang/profil/spieler/339332
Randal Kolo Muani,Premier League,22.0,27,OK,Randal Kolo Muani,Juventus FC,20.0,27,ST,Centre-Forward,2031,https://www.transfermarkt.com/randal-kolo-muani/profil/spieler/487969
Pau Torres,Premier League,22.0,28,OK,Pau Torres,Aston Villa,20.0,29,CB,Centre-Back,2028,https://www.transfermarkt.com/pau-torres/profil/spieler/399776
Samuele Ricci,Serie A,22.0,24,OK,Samuele Ricci,Como 1907,22.0,25,DM,Defensive Midfield,2027,https://www.transfermarkt.com/samuele-ricci/profil/spieler/467992
Daniel Svensson,Bundesliga,22.0,23,OK,Daniel Svensson,Borussia Dortmund,22.0,24,FB,Left-Back,2029,https://www.transfermarkt.com/daniel-svensson/profil/spieler/579287
Maxim De Cuyper,Premier League,22.0,25,OK,Maxim De Cuyper,Brighton & Hove Albion,22.0,25,FB,Left-Back,2030,https://www.transfermarkt.com/maxim-de-cuyper/profil/spieler/429915
Isak Hien,Serie A,22.0,26,OK,Isak Hien,Atalanta BC,22.0,27,CB,Centre-Back,2028,https://www.transfermarkt.com/isak-hien/profil/spieler/503075
Giacomo Raspadori,Serie A,22.0,25,OK,Giacomo Raspadori,Atalanta BC,22.0,26,ST,Second Striker,2030,https://www.transfermarkt.com/giacomo-raspadori/profil/spieler/405885
Matty Cash,Premier League,22.0,28,OK,Matty Cash,Aston Villa,22.0,29,FB,Right-Back,2029,https://www.transfermarkt.com/matty-cash/profil/spieler/425334
Ermedin Demirovic,Bundesliga,22.0,27,OK,Ermedin Demirovic,VfB Stuttgart,22.0,28,ST,Centre-Forward,2028,https://www.transfermarkt.com/ermedin-demirovic/profil/spieler/335457
Miguel Gutiérrez,Serie A,22.0,24,OK,Miguel Gutiérrez,Bayer 04 Leverkusen,22.0,25,FB,Left-Back,2031,https://www.transfermarkt.com/miguel-gutierrez/profil/spieler/525299
Deniz Undav,Bundesliga,22.0,29,OK,Deniz Undav,VfB Stuttgart,22.0,30,ST,Centre-Forward,2029,https://www.transfermarkt.com/deniz-undav/profil/spieler/339314
Dominic Calvert-Lewin,Premier League,22.0,28,OK,Dominic Calvert-Lewin,Leeds United,22.0,29,ST,Centre-Forward,2028,https://www.transfermarkt.com/dominic-calvert-lewin/profil/spieler/306024
Teun Koopmeiners,Serie A,20.0,27,OK,Teun Koopmeiners,Juventus FC,14.0,28,DM,Defensive Midfield,2029,https://www.transfermarkt.com/teun-koopmeiners/profil/spieler/360518
Sergi Altimira,La Liga,20.0,24,OK,Sergi Altimira,Sporting CP,20.0,25,DM,Defensive Midfield,2031,https://www.transfermarkt.com/sergi-altimira/profil/spieler/466801
Arthur Theate,Bundesliga,20.0,25,OK,Arthur Theate,Bologna FC 1909,17.0,26,CB,Centre-Back,2027,https://www.transfermarkt.com/arthur-theate/profil/spieler/368891
Williot Swedberg,La Liga,20.0,21,OK,Williot Swedberg,Celta de Vigo,20.0,22,W,Left Winger,2029,https://www.transfermarkt.com/williot-swedberg/profil/spieler/764859
Andy Diouf,Serie A,20.0,22,OK,Andy Diouf,Inter Milan,20.0,23,CM,Central Midfield,2030,https://www.transfermarkt.com/andy-diouf/profil/spieler/711976
Andrea Cambiaso,Serie A,20.0,25,OK,Andrea Cambiaso,Juventus FC,20.0,26,FB,Left-Back,2029,https://www.transfermarkt.com/andrea-cambiaso/profil/spieler/459658
Alexis Saelemaekers,Serie A,20.0,26,OK,Alexis Saelemaekers,AC Milan,20.0,27,W,Right Midfield,2031,https://www.transfermarkt.com/alexis-saelemaekers/profil/spieler/381950
Billy Gilmour,Serie A,20.0,24,OK,Billy Gilmour,SSC Napoli,20.0,25,DM,Defensive Midfield,2029,https://www.transfermarkt.com/billy-gilmour/profil/spieler/423744
Kévin Danois,Ligue 1,20.0,21,OK,Kévin Danois,AJ Auxerre,20.0,22,CM,Central Midfield,2029,https://www.transfermarkt.com/kevin-danois/profil/spieler/743496
Jayden Addai,Serie A,20.0,20,OK,Jayden Addai,Como 1907,20.0,21,W,Right Winger,2030,https://www.transfermarkt.com/jayden-addai/profil/spieler/747720
Joachim Andersen,Premier League,20.0,29,OK,Joachim Andersen,Fulham FC,20.0,30,CB,Centre-Back,2029,https://www.transfermarkt.com/joachim-andersen/profil/spieler/260827
Kevin Danso,Premier League,20.0,27,OK,Kevin Danso,Sunderland AFC,20.0,27,CB,Centre-Back,2027,https://www.transfermarkt.com/kevin-danso/profil/spieler/263236
Wilson Odobert,Premier League,20.0,21,OK,Wilson Odobert,Tottenham Hotspur,18.0,21,W,Left Winger,2029,https://www.transfermarkt.com/wilson-odobert/profil/spieler/743498
Wouter Burger,Bundesliga,20.0,24,OK,Wouter Burger,TSG 1899 Hoffenheim,20.0,25,DM,Defensive Midfield,,https://www.transfermarkt.com/wouter-burger/profil/spieler/412953
Jaidon Anthony,Premier League,20.0,26,OK,Jaidon Anthony,Brentford FC,20.0,26,W,Left Winger,2030,https://www.transfermarkt.com/jaidon-anthony/profil/spieler/684210
Jaka Bijol,Premier League,20.0,26,OK,Jaka Bijol,Leeds United,20.0,27,CB,Centre-Back,2030,https://www.transfermarkt.com/jaka-bijol/profil/spieler/371851
Florentino,Premier League,20.0,26,OK,Florentino,Ipswich Town,16.0,27,DM,Defensive Midfield,2031,https://www.transfermarkt.com/florentino/profil/spieler/357162
Marcos Llorente,La Liga,20.0,30,OK,Marcos Llorente,Atlético de Madrid,20.0,31,FB,Right-Back,2027,https://www.transfermarkt.com/marcos-llorente/profil/spieler/282411
Mandela Keita,Serie A,20.0,23,OK,Mandela Keita,Parma Calcio 1913,20.0,24,DM,Defensive Midfield,2029,https://www.transfermarkt.com/mandela-keita/profil/spieler/707844
Marc Casadó,La Liga,20.0,22,OK,Marc Casadó,Deportivo A Coruña,18.0,23,DM,Defensive Midfield,2027,https://www.transfermarkt.com/marc-casado/profil/spieler/636695
Leopold Querfeld,Bundesliga,20.0,22,OK,Leopold Querfeld,1.FC Union Berlin,20.0,22,CB,Centre-Back,2027,https://www.transfermarkt.com/leopold-querfeld/profil/spieler/597432
Lorenzo Bernasconi,Serie A,20.0,22,OK,Lorenzo Bernasconi,Atalanta BC,20.0,22,W,Left Midfield,2030,https://www.transfermarkt.com/lorenzo-bernasconi/profil/spieler/708635
Lutsharel Geertruida,Premier League,20.0,25,OK,Lutsharel Geertruida,PSV Eindhoven,20.0,26,CB,Centre-Back,2027,https://www.transfermarkt.com/lutsharel-geertruida/profil/spieler/420210
Malang Sarr,Ligue 1,20.0,26,OK,Malang Sarr,NEOM SC,20.0,27,CB,Centre-Back,,https://www.transfermarkt.com/malang-sarr/profil/spieler/344596
Nnamdi Collins,Bundesliga,20.0,21,OK,Nnamdi Collins,Eintracht Frankfurt,20.0,22,CB,Centre-Back,2030,https://www.transfermarkt.com/nnamdi-collins/profil/spieler/684315
Nicola Zalewski,Serie A,20.0,23,OK,Nicola Zalewski,Atalanta BC,20.0,24,W,Left Midfield,2029,https://www.transfermarkt.com/nicola-zalewski/profil/spieler/550108
Emile Smith Rowe,Premier League,20.0,25,OK,Emile Smith Rowe,Fulham FC,20.0,26,AM,Attacking Midfield,2029,https://www.transfermarkt.com/emile-smith-rowe/profil/spieler/392765
Evan Ferguson,Serie A,20.0,21,OK,Evan Ferguson,Brighton & Hove Albion,20.0,21,ST,Centre-Forward,2029,https://www.transfermarkt.com/evan-ferguson/profil/spieler/648046
Gabriel Gudmundsson,Premier League,20.0,26,OK,Gabriel Gudmundsson,Leeds United,20.0,27,FB,Left-Back,2029,https://www.transfermarkt.com/gabriel-gudmundsson/profil/spieler/362108
Ismaël Doukouré,Ligue 1,20.0,22,OK,Ismaël Doukouré,RC Strasbourg Alsace,20.0,23,CB,Centre-Back,2028,https://www.transfermarkt.com/ismael-doukoure/profil/spieler/786436
Jack Grealish,Premier League,20.0,30,OK,Jack Grealish,Everton FC,20.0,31,W,Left Winger,2027,https://www.transfermarkt.com/jack-grealish/profil/spieler/203460
Matthis Abline,Ligue 1,20.0,22,OK,Matthis Abline,AS Monaco,20.0,23,ST,Centre-Forward,2031,https://www.transfermarkt.com/matthis-abline/profil/spieler/659543
David Affengruber,La Liga,20.0,24,OK,David Affengruber,Fulham FC,20.0,25,CB,Centre-Back,2030,https://www.transfermarkt.com/david-affengruber/profil/spieler/452483
Dan Ballard,Premier League,20.0,26,OK,Dan Ballard,Sunderland AFC,20.0,26,CB,Centre-Back,2029,https://www.transfermarkt.com/dan-ballard/profil/spieler/503686
Cher Ndour,Serie A,20.0,21,OK,Cher Ndour,ACF Fiorentina,20.0,22,CM,Central Midfield,2029,https://www.transfermarkt.com/cher-ndour/profil/spieler/651005
Conrad Harder,Bundesliga,20.0,20,OK,Conrad Harder,RC Strasbourg Alsace,17.0,21,ST,Centre-Forward,2027,https://www.transfermarkt.com/conrad-harder/profil/spieler/807386
Patrik Schick,Bundesliga,20.0,29,OK,Patrik Schick,Bayer 04 Leverkusen,18.0,30,ST,Centre-Forward,2030,https://www.transfermarkt.com/patrik-schick/profil/spieler/242086
Orri Óskarsson,La Liga,20.0,21,OK,Orri Óskarsson,Real Sociedad,20.0,22,ST,Centre-Forward,2030,https://www.transfermarkt.com/orri-oskarsson/profil/spieler/660438
Carney Chukwuemeka,Bundesliga,20.0,22,OK,Carney Chukwuemeka,Borussia Dortmund,20.0,22,CM,Central Midfield,2030,https://www.transfermarkt.com/carney-chukwuemeka/profil/spieler/659459
Pavel Sulc,Ligue 1,20.0,25,OK,Pavel Sulc,Olympique Lyon,20.0,25,AM,Attacking Midfield,2029,https://www.transfermarkt.com/pavel-sulc/profil/spieler/500053
Rocco Reitz,Bundesliga,20.0,23,OK,Rocco Reitz,RB Leipzig,20.0,24,CM,Central Midfield,2031,https://www.transfermarkt.com/rocco-reitz/profil/spieler/467434
Rodrigo Mendoza,La Liga,20.0,20,OK,Rodrigo Mendoza,Atlético de Madrid,20.0,21,CM,Central Midfield,2031,https://www.transfermarkt.com/rodrigo-mendoza/profil/spieler/961297
Alejandro Grimaldo,Bundesliga,20.0,30,OK,Alejandro Grimaldo,Atlético de Madrid,20.0,30,FB,Left-Back,2030,https://www.transfermarkt.com/alejandro-grimaldo/profil/spieler/193082
Chema Andres,Bundesliga,20.0,20,OK,Chema Andrés,Brighton & Hove Albion,20.0,21,DM,Defensive Midfield,2031,https://www.transfermarkt.com/chema-andres/profil/spieler/948279
Aleix García,Bundesliga,20.0,28,OK,Aleix García,Bayer 04 Leverkusen,20.0,29,CM,Central Midfield,2029,https://www.transfermarkt.com/aleix-garcia/profil/spieler/261504
Lucas da Cunha,Serie A,20.0,24,OK,Lucas Da Cunha,Como 1907,20.0,25,CM,Central Midfield,2031,https://www.transfermarkt.com/lucas-da-cunha/profil/spieler/495667
Afonso Moreira,Ligue 1,20.0,20,OK,Afonso Moreira,Bayer 04 Leverkusen,20.0,21,W,Left Winger,2031,https://www.transfermarkt.com/afonso-moreira/profil/spieler/952282
Radu Dragusin,Premier League,20.0,23,OK,Radu Drăgușin,ACF Fiorentina,16.0,24,CB,Centre-Back,2027,https://www.transfermarkt.com/radu-dragusin/profil/spieler/568559
